Player,Season,Team,S/C,Pos,GP,G,A,P,+/-,PIM,P/GP,EVG,EVP,PPG,PPP,SHG,SHP,OTG,GWG,S,S%,TOI/GP,FOW%
Nikita Kucherov,20232024,TBL,L,R,81,44,100,144,8,22,1.78,31,91,13,53,0,0,1,6,306,14.4,21:40,50
Nathan MacKinnon,20232024,COL,R,C,82,51,89,140,35,42,1.71,41,92,10,48,0,0,2,9,405,12.6,22:49,46.2
Connor McDavid,20232024,EDM,L,C,76,32,100,132,35,30,1.74,24,87,7,44,1,1,1,5,263,12.2,21:22,51.1
Artemi Panarin,20232024,NYR,R,L,82,49,71,120,18,24,1.46,38,75,11,44,0,1,1,5,303,16.2,20:07,10
David Pastrnak,20232024,BOS,R,R,82,47,63,110,21,47,1.34,35,75,12,35,0,0,0,5,382,12.3,19:56,33.3
Auston Matthews,20232024,TOR,L,C,81,69,38,107,31,20,1.32,51,77,18,29,0,1,3,8,369,18.7,20:58,53.5
Leon Draisaitl,20232024,EDM,L,C,81,41,65,106,26,76,1.31,20,65,21,39,0,2,2,7,217,18.9,20:42,56.9
Mikko Rantanen,20232024,COL,L,R,80,42,62,104,19,50,1.3,28,64,14,40,0,0,0,9,271,15.5,22:54,53.8
J.T. Miller,20232024,VAN,L,C,81,37,66,103,32,58,1.27,25,61,10,40,2,2,2,9,194,19.1,19:29,56.3
William Nylander,20232024,TOR,R,R,82,40,58,98,1,24,1.2,26,59,11,35,3,4,2,7,316,12.7,19:55,47.1
Kirill Kaprizov,20232024,MIN,L,L,75,46,50,96,11,36,1.28,27,55,19,41,0,0,2,8,277,16.6,21:35,0
Sam Reinhart,20232024,FLA,R,C,82,57,37,94,29,31,1.15,25,55,27,34,5,5,3,11,233,24.5,20:18,44.2
Filip Forsberg,20232024,NSH,R,L,82,48,46,94,16,43,1.15,35,62,13,32,0,0,3,11,347,13.8,18:54,50
Sidney Crosby,20232024,PIT,L,C,82,42,52,94,7,40,1.15,32,71,10,23,0,0,0,3,278,15.1,20:05,58.2
Quinn Hughes,20232024,VAN,L,D,82,17,75,92,38,38,1.12,12,54,5,38,0,0,1,2,199,8.5,24:41,--
Brayden Point,20232024,TBL,R,C,81,46,44,90,-16,14,1.11,31,58,15,32,0,0,0,12,227,20.3,20:02,45.7
Cale Makar,20232024,COL,R,D,77,21,69,90,15,16,1.17,13,47,7,39,1,4,0,1,231,9.1,24:46,--
Sebastian Aho,20232024,CAR,L,C,78,36,53,89,34,36,1.14,24,55,11,32,1,2,2,10,216,16.7,19:38,54.1
Elias Pettersson,20232024,VAN,L,C,82,34,55,89,20,12,1.09,21,56,13,31,0,2,2,10,207,16.4,19:39,50.8
Matthew Tkachuk,20232024,FLA,L,L,80,26,62,88,19,88,1.1,19,55,6,32,1,1,0,2,280,9.3,18:38,33.3
Robert Thomas,20232024,STL,R,C,82,26,60,86,9,48,1.05,17,56,8,27,1,3,0,3,170,15.3,20:58,53.1
Mitch Marner,20232024,TOR,R,R,69,26,59,85,21,18,1.23,17,57,8,27,1,1,0,2,158,16.5,21:17,25
Roman Josi,20232024,NSH,L,D,82,23,62,85,12,45,1.04,14,51,9,33,0,1,2,5,268,8.6,24:38,--
Jesper Bratt,20232024,NJD,L,L,82,27,56,83,-6,12,1.01,20,55,7,27,0,1,0,7,248,10.9,19:18,36.4
Evan Bouchard,20232024,EDM,R,D,81,18,64,82,34,32,1.01,10,47,8,35,0,0,2,7,220,8.2,23:00,--
Steven Stamkos,20232024,TBL,R,C,79,40,41,81,-21,34,1.03,21,42,19,39,0,0,0,6,262,15.3,18:14,56
Jason Robertson,20232024,DAL,L,L,82,29,51,80,19,22,0.98,20,52,9,28,0,0,0,4,231,12.6,18:19,--
Aleksander Barkov,20232024,FLA,L,C,73,23,57,80,33,24,1.1,18,49,5,29,0,2,0,4,193,11.9,19:38,57.3
Mathew Barzal,20232024,NYI,R,C,80,23,57,80,-4,34,1,18,55,5,25,0,0,2,4,240,9.6,20:08,43
Zach Hyman,20232024,EDM,R,L,80,54,23,77,36,48,0.96,39,57,15,20,0,0,1,7,290,18.6,19:30,43.8
Nick Suzuki,20232024,MTL,R,C,82,33,44,77,-14,36,0.94,21,46,12,31,0,0,1,1,185,17.8,21:16,52.6
Jake Guentzel,20232024,"PIT,CAR",L,C,67,30,47,77,25,22,1.15,25,55,5,22,0,0,0,2,238,12.6,20:01,26.1
Vincent Trocheck,20232024,NYR,R,C,82,25,52,77,16,55,0.94,13,52,11,24,1,1,1,5,215,11.6,21:27,58.7
Clayton Keller,20232024,ARI,L,R,78,33,43,76,-20,32,0.97,24,46,9,30,0,0,0,4,228,14.5,19:15,46.2
Victor Hedman,20232024,TBL,L,D,78,13,63,76,18,76,0.97,9,45,4,31,0,0,0,2,168,7.7,24:48,--
Chris Kreider,20232024,NYR,L,L,82,39,36,75,19,26,0.91,19,41,18,29,2,5,1,7,246,15.9,18:47,36.5
Nazem Kadri,20232024,CGY,L,C,82,29,46,75,0,43,0.91,19,53,10,22,0,0,2,4,277,10.5,18:26,48.9
Adrian Kempe,20232024,LAK,L,R,77,28,47,75,13,72,0.97,20,44,5,27,3,4,1,4,246,11.4,18:56,23.1
Brandon Hagel,20232024,TBL,L,L,82,26,49,75,1,79,0.91,24,66,2,7,0,2,1,3,184,14.1,19:15,41
Gustav Nyquist,20232024,NSH,L,C,81,23,52,75,7,8,0.93,17,49,5,24,1,2,0,4,153,15,17:45,38.5
Brady Tkachuk,20232024,OTT,L,L,81,37,37,74,1,134,0.91,25,52,12,22,0,0,1,2,357,10.4,19:09,52.6
Jack Hughes,20232024,NJD,L,C,62,27,47,74,-12,12,1.19,18,43,9,31,0,0,2,4,274,9.9,20:58,37.2
Brock Boeser,20232024,VAN,R,R,81,40,33,73,23,14,0.9,24,48,16,25,0,0,1,4,204,19.6,18:36,52
Kevin Fiala,20232024,LAK,L,L,82,29,44,73,1,62,0.89,18,43,11,30,0,0,1,2,225,12.9,18:02,26.3
Adam Fox,20232024,NYR,R,D,72,17,56,73,21,36,1.01,10,38,6,33,1,2,1,5,137,12.4,23:27,--
Carter Verhaeghe,20232024,FLA,L,C,76,34,38,72,17,36,0.95,26,51,8,21,0,0,1,7,246,13.8,17:58,44.1
Lucas Raymond,20232024,DET,R,L,82,31,41,72,-12,30,0.88,25,56,6,16,0,0,3,4,163,19,17:45,40
Mika Zibanejad,20232024,NYR,R,C,81,26,46,72,15,30,0.89,12,35,12,31,2,6,2,3,221,11.8,19:45,49.3
Mark Scheifele,20232024,WPG,R,C,74,25,47,72,19,57,0.97,19,54,6,18,0,0,1,4,154,16.2,20:11,48.1
Anze Kopitar,20232024,LAK,L,C,81,26,44,70,11,22,0.86,16,44,9,23,1,3,0,6,133,19.6,19:39,55.1
Tim Stützle,20232024,OTT,L,C,75,18,52,70,-17,28,0.93,17,50,1,20,0,0,2,2,192,9.4,21:07,46.7
Noah Dobson,20232024,NYI,R,D,79,10,60,70,12,36,0.89,9,45,1,24,0,1,0,4,174,5.8,24:31,--
Jonathan Marchessault,20232024,VGK,R,R,82,42,27,69,-2,40,0.84,34,52,8,17,0,0,2,5,266,15.8,17:54,25
Brock Nelson,20232024,NYI,L,C,82,34,35,69,-5,28,0.84,24,48,9,19,1,2,1,2,250,13.6,18:05,45.2
Dylan Larkin,20232024,DET,L,C,68,33,36,69,5,39,1.01,17,41,14,26,2,2,2,5,221,14.9,20:10,55.4
Matt Boldy,20232024,MIN,L,L,75,29,40,69,5,48,0.92,19,44,10,25,0,0,1,7,227,12.8,18:55,42.1
Ryan O'Reilly,20232024,NSH,L,C,82,26,43,69,6,18,0.84,12,41,14,28,0,0,0,1,180,14.4,19:46,53.9
Josh Morrissey,20232024,WPG,L,D,81,10,59,69,34,44,0.85,8,50,2,19,0,0,0,1,196,5.1,24:11,--
Bo Horvat,20232024,NYI,L,C,81,33,35,68,-1,39,0.84,22,48,10,18,1,2,3,6,248,13.3,19:42,53.9
Travis Konecny,20232024,PHI,R,R,76,33,35,68,4,67,0.89,23,52,4,9,6,7,0,5,244,13.5,19:50,40.2
Jack Eichel,20232024,VGK,R,C,63,31,37,68,4,27,1.08,20,44,11,22,0,2,2,7,278,11.2,20:31,45.5
Seth Jarvis,20232024,CAR,R,C,81,33,34,67,23,14,0.83,18,44,13,20,2,3,1,9,176,18.8,18:45,44.6
Jordan Kyrou,20232024,STL,R,C,82,31,36,67,-12,22,0.82,23,46,8,21,0,0,0,4,251,12.4,18:20,33.3
Brad Marchand,20232024,BOS,L,L,82,29,38,67,2,78,0.82,19,37,7,26,3,4,2,6,207,14,19:06,43.6
Joe Pavelski,20232024,DAL,R,C,82,27,40,67,12,20,0.82,16,46,11,21,0,0,1,4,194,13.9,16:49,51.1
Evgeni Malkin,20232024,PIT,L,C,82,27,40,67,5,70,0.82,21,49,6,18,0,0,0,2,199,13.6,18:35,48.6
Dylan Strome,20232024,WSH,L,C,82,27,40,67,-13,22,0.82,21,45,6,22,0,0,3,5,169,16,17:57,52.8
Alex DeBrincat,20232024,DET,R,R,82,27,40,67,1,34,0.82,16,48,11,19,0,0,0,1,237,11.4,17:54,42.1
Nico Hischier,20232024,NJD,L,C,71,27,40,67,-5,12,0.94,20,49,6,17,1,1,0,4,182,14.8,19:29,56.6
Ryan Nugent-Hopkins,20232024,EDM,L,C,80,18,49,67,10,36,0.84,14,38,4,26,0,3,0,3,183,9.8,19:37,48
Drake Batherson,20232024,OTT,R,R,82,28,38,66,-9,42,0.8,21,44,7,22,0,0,1,4,196,14.3,18:10,40.9
Wyatt Johnston,20232024,DAL,R,C,82,32,33,65,14,38,0.79,26,52,3,10,3,3,0,3,216,14.8,17:00,50.2
Alex Ovechkin,20232024,WSH,R,L,79,31,34,65,-22,20,0.82,18,37,13,28,0,0,1,5,272,11.4,19:13,0
Roope Hintz,20232024,DAL,L,C,80,30,35,65,26,22,0.81,19,42,8,19,3,4,2,6,182,16.5,17:14,56.2
John Tavares,20232024,TOR,L,C,80,29,36,65,2,30,0.81,20,45,9,20,0,0,1,6,279,10.4,17:52,59.3
Cole Caufield,20232024,MTL,R,R,82,28,37,65,-4,16,0.79,19,44,9,21,0,0,3,7,314,8.9,19:25,43.8
Matt Duchene,20232024,DAL,L,C,80,25,40,65,15,20,0.81,19,49,6,16,0,0,2,7,172,14.5,16:46,56.5
Joel Eriksson Ek,20232024,MIN,L,C,77,30,34,64,18,60,0.83,17,42,12,21,1,1,0,5,267,11.2,20:32,49.7
Claude Giroux,20232024,OTT,R,R,82,21,43,64,-14,26,0.78,16,42,3,19,2,3,1,2,183,11.5,20:06,58
Pavel Buchnevich,20232024,STL,L,L,80,27,36,63,3,48,0.79,17,42,8,18,2,3,2,5,207,13,19:49,37.4
Mats Zuccarello,20232024,MIN,L,R,69,12,51,63,-5,30,0.91,7,30,5,33,0,0,0,1,173,6.9,18:54,37.5
Jared McCann,20232024,SEA,L,L,80,29,33,62,-10,31,0.78,18,37,9,23,2,2,1,3,216,13.4,16:46,47.9
Mike Matheson,20232024,MTL,L,D,82,11,51,62,-24,58,0.76,4,32,5,28,2,2,0,0,187,5.9,25:33,--
Kyle Connor,20232024,WPG,L,L,65,34,27,61,-6,6,0.94,29,42,5,19,0,0,3,10,221,15.4,19:43,28.6
Nikolaj Ehlers,20232024,WPG,L,L,82,25,36,61,27,29,0.74,25,54,0,7,0,0,1,7,233,10.7,15:52,26.7
Nick Schmaltz,20232024,ARI,R,C,79,22,39,61,-16,10,0.77,11,39,10,21,1,1,1,3,158,13.9,19:11,41
Connor Bedard,20232024,CHI,R,C,68,22,39,61,-44,28,0.9,18,40,4,21,0,0,1,2,206,10.7,19:47,38.9
Frank Vatrano,20232024,ANA,L,R,82,37,23,60,-20,85,0.73,21,36,13,20,3,4,2,7,272,13.6,18:21,33.3
William Karlsson,20232024,VGK,L,C,70,30,30,60,15,22,0.86,22,43,7,15,1,2,0,2,175,17.1,17:36,56.2
Charlie Coyle,20232024,BOS,R,C,82,25,35,60,-2,38,0.73,17,44,7,11,1,5,0,5,147,17,18:04,51.6
Jamie Benn,20232024,DAL,L,L,82,21,39,60,8,41,0.73,13,35,7,22,1,3,0,3,164,12.8,15:07,61.2
Mikael Granlund,20232024,SJS,L,C,69,12,48,60,-23,32,0.87,11,36,1,23,0,1,1,1,134,9,20:58,46.8
Johnny Gaudreau,20232024,CBJ,L,L,81,12,48,60,-27,22,0.74,11,42,1,18,0,0,1,3,160,7.5,18:49,0
Yegor Sharangovich,20232024,CGY,L,C,82,31,28,59,-29,8,0.72,22,35,6,17,3,7,1,4,179,17.3,17:19,39
Sean Monahan,20232024,"MTL,WPG",L,C,83,26,33,59,-1,12,0.71,15,36,9,21,2,2,0,5,171,15.2,18:06,54.9
Alex Tuch,20232024,BUF,R,R,75,22,37,59,9,54,0.79,19,47,2,11,1,1,0,7,192,11.5,19:30,40
Pavel Zacha,20232024,BOS,L,C,78,21,38,59,12,18,0.76,15,44,6,15,0,0,1,6,148,14.2,18:06,54.8
Oliver Bjorkstrand,20232024,SEA,R,R,82,20,39,59,-20,12,0.72,12,34,8,25,0,0,0,3,186,10.8,16:11,32.1
Rasmus Dahlin,20232024,BUF,L,D,81,20,39,59,-3,66,0.73,14,39,6,20,0,0,1,2,235,8.5,25:25,--
Morgan Rielly,20232024,TOR,L,D,72,7,51,58,7,27,0.81,6,38,1,20,0,0,0,0,173,4.1,23:44,--
Trevor Moore,20232024,LAK,L,L,82,31,26,57,11,28,0.7,27,48,2,7,2,2,0,5,244,12.7,17:59,29.2
Alexis Lafrenière,20232024,NYR,L,L,82,28,29,57,2,40,0.7,26,51,2,6,0,0,1,5,217,12.9,17:16,25.8
Casey Mittelstadt,20232024,"BUF,COL",L,C,80,18,39,57,10,32,0.71,15,48,3,9,0,0,0,1,127,14.2,17:44,47.1
Matias Maccelli,20232024,ARI,L,L,82,17,40,57,-4,8,0.7,15,44,2,12,0,1,1,2,149,11.4,16:14,37.5
Zach Werenski,20232024,CBJ,L,D,70,11,46,57,0,22,0.81,9,45,2,12,0,0,0,0,202,5.5,24:27,--
Tage Thompson,20232024,BUF,R,C,71,29,27,56,-1,43,0.79,18,38,9,16,2,2,0,3,246,11.8,18:07,43.3
Bryan Rust,20232024,PIT,R,R,62,28,28,56,10,20,0.9,24,46,3,9,1,1,1,3,196,14.3,19:35,25
Jonathan Drouin,20232024,COL,L,L,79,19,37,56,12,28,0.71,14,37,5,19,0,0,1,2,127,15,18:11,51.8
Erik Karlsson,20232024,PIT,R,D,82,11,45,56,4,44,0.68,9,39,2,17,0,0,2,4,213,5.2,24:16,--
Shayne Gostisbehere,20232024,DET,L,D,81,10,46,56,-16,16,0.69,8,27,2,29,0,0,0,2,139,7.2,19:05,--
Tyler Toffoli,20232024,"NJD,WPG",R,C,79,33,22,55,-6,14,0.7,22,37,11,18,0,0,1,4,229,14.4,16:58,38
Vladimir Tarasenko,20232024,"OTT,FLA",L,R,76,23,32,55,13,12,0.72,20,46,3,9,0,0,0,5,155,14.8,15:44,57.1
Quinton Byfield,20232024,LAK,L,R,80,20,35,55,19,42,0.69,14,41,6,14,0,0,0,4,161,12.4,16:29,45.6
Michael Bunting,20232024,"CAR,PIT",L,L,81,19,36,55,-19,57,0.68,12,34,7,21,0,0,0,3,168,11.3,15:41,30.4
Kyle Palmieri,20232024,NYI,R,C,82,30,24,54,-16,26,0.66,20,34,10,20,0,0,1,8,218,13.8,17:13,38.2
Blake Coleman,20232024,CGY,L,C,78,30,24,54,19,76,0.69,23,45,3,3,4,6,0,7,191,15.7,17:08,44.9
Troy Terry,20232024,ANA,R,R,76,20,34,54,-10,24,0.71,16,41,4,13,0,0,1,5,172,11.6,18:17,33.3
Philipp Kurashev,20232024,CHI,L,C,75,18,36,54,-44,23,0.72,12,35,6,19,0,0,1,3,128,14.1,19:01,46.4
Miro Heiskanen,20232024,DAL,L,D,71,9,45,54,8,36,0.76,7,33,2,21,0,0,0,2,162,5.6,24:32,--
Valeri Nichushkin,20232024,COL,L,R,54,28,25,53,5,22,0.98,12,30,16,21,0,2,2,6,158,17.7,21:21,28.6
Owen Tippett,20232024,PHI,R,R,78,28,25,53,-5,12,0.68,23,45,5,8,0,0,1,4,289,9.7,16:35,42.2
Teuvo Teravainen,20232024,CAR,L,C,76,25,28,53,15,10,0.7,15,32,9,17,1,4,0,4,142,17.6,16:24,47.1
Martin Necas,20232024,CAR,R,C,77,24,29,53,-9,42,0.69,16,40,8,13,0,0,2,3,231,10.4,17:21,34.1
Mason Marchment,20232024,DAL,L,L,81,22,31,53,22,54,0.65,16,42,6,11,0,0,0,3,150,14.7,15:04,44.4
Mark Stone,20232024,VGK,R,R,56,16,37,53,1,22,0.95,10,35,4,14,2,4,1,5,117,13.7,19:24,0
Timo Meier,20232024,NJD,L,R,69,28,24,52,-28,45,0.75,18,35,10,17,0,0,1,4,207,13.5,17:36,48.9
Tyler Seguin,20232024,DAL,R,C,68,25,27,52,10,26,0.76,22,42,3,8,0,2,0,3,154,16.2,16:33,56.3
MacKenzie Weegar,20232024,CGY,R,D,82,20,32,52,2,51,0.63,17,35,3,15,0,2,1,2,208,9.6,22:56,--
Andrei Svechnikov,20232024,CAR,L,R,59,19,33,52,13,58,0.88,14,35,5,17,0,0,0,8,144,13.2,16:59,50
Jonathan Huberdeau,20232024,CGY,L,C,81,12,40,52,-29,49,0.64,8,33,4,19,0,0,0,2,143,8.4,17:25,48.4
John Carlson,20232024,WSH,R,D,82,10,42,52,-7,40,0.63,4,31,6,21,0,0,0,5,176,5.7,25:54,--
Adam Henrique,20232024,"ANA,EDM",L,C,82,24,27,51,9,37,0.62,17,36,5,10,2,5,0,4,140,17.1,16:51,53.3
Chandler Stephenson,20232024,VGK,L,C,75,16,35,51,-9,25,0.68,10,35,4,13,2,3,0,4,97,16.5,18:29,52.6
Kris Letang,20232024,PIT,R,D,82,10,41,51,13,62,0.62,10,45,0,5,0,1,0,2,164,6.1,24:41,--
JJ Peterka,20232024,BUF,L,R,82,28,22,50,10,28,0.61,25,43,3,7,0,0,0,5,226,12.4,16:24,20
Joel Farabee,20232024,PHI,L,L,82,22,28,50,-13,37,0.61,20,43,2,7,0,0,1,2,182,12.1,16:11,37.5
Juraj Slafkovsky,20232024,MTL,L,L,82,20,30,50,-19,55,0.61,14,36,6,14,0,0,0,2,152,13.2,17:56,50
Drew Doughty,20232024,LAK,R,D,82,15,35,50,15,44,0.61,8,30,7,20,0,0,1,3,135,11.1,25:48,--
Devon Toews,20232024,COL,L,D,82,12,38,50,28,18,0.61,12,43,0,5,0,2,0,2,159,7.6,23:26,--
J.T. Compher,20232024,DET,R,L,77,19,29,48,-5,34,0.62,12,36,5,10,2,2,0,0,108,17.6,19:23,44.8
Filip Hronek,20232024,VAN,R,D,81,5,43,48,33,38,0.59,3,37,2,11,0,0,0,0,148,3.4,23:26,--
Patrick Kane,20232024,DET,L,R,50,20,27,47,-5,16,0.94,18,32,2,15,0,0,3,7,147,13.6,18:23,--
Conor Garland,20232024,VAN,R,R,82,20,27,47,19,35,0.57,19,42,1,5,0,0,0,3,200,10,14:32,20
Dylan Cozens,20232024,BUF,R,C,79,18,29,47,-4,42,0.59,13,34,2,10,3,3,1,1,200,9,17:14,45.6
David Perron,20232024,DET,R,L,76,17,30,47,-12,55,0.62,10,30,7,17,0,0,0,4,151,11.3,15:38,47.1
Phillip Danault,20232024,LAK,L,C,78,17,30,47,12,18,0.6,14,36,3,9,0,2,0,2,159,10.7,18:01,51.9
Thomas Harley,20232024,DAL,L,D,79,15,32,47,28,18,0.59,13,37,1,9,1,1,3,3,144,10.4,21:01,--
Brady Skjei,20232024,CAR,L,D,80,13,34,47,15,40,0.59,11,31,1,12,1,4,0,2,185,7,21:17,--
Noah Hanifin,20232024,"CGY,VGK",L,D,80,13,34,47,19,24,0.59,8,32,5,13,0,2,0,2,164,7.9,23:37,--
Charlie McAvoy,20232024,BOS,R,D,74,12,35,47,4,86,0.64,11,34,1,13,0,0,2,3,133,9,24:51,--
Max Domi,20232024,TOR,L,C,80,9,38,47,10,118,0.59,8,45,1,2,0,0,0,1,137,6.6,13:47,50
Luke Hughes,20232024,NJD,L,D,82,9,38,47,-25,28,0.57,5,22,4,25,0,0,1,1,135,6.7,21:28,--
Brock Faber,20232024,MIN,R,D,82,8,39,47,-1,26,0.57,5,31,3,16,0,0,0,1,136,5.9,24:58,--
Jeff Skinner,20232024,BUF,L,C,74,24,22,46,-2,34,0.62,16,34,8,12,0,0,1,3,211,11.4,16:00,41.9
Nicholas Paul,20232024,TBL,L,L,82,24,22,46,-16,27,0.56,15,32,9,14,0,0,0,2,153,15.7,17:16,54.3
Andrei Kuzmenko,20232024,"VAN,CGY",R,L,72,22,24,46,-9,12,0.64,14,27,8,19,0,0,1,4,121,18.2,14:53,100
Brayden Schenn,20232024,STL,L,C,82,20,26,46,-22,56,0.56,15,33,4,12,1,1,2,3,170,11.8,17:47,49.4
Vince Dunn,20232024,SEA,L,D,59,11,35,46,8,78,0.78,7,29,4,16,0,1,0,0,120,9.2,23:05,--
Nick Bjugstad,20232024,ARI,R,C,76,22,23,45,11,59,0.59,19,38,2,6,1,1,1,2,165,13.3,17:27,49.2
Ryan Hartman,20232024,MIN,R,R,74,21,24,45,4,72,0.61,16,35,5,10,0,0,0,3,173,12.1,16:31,47
Anthony Cirelli,20232024,TBL,L,C,79,20,25,45,2,38,0.57,15,36,3,7,2,2,1,3,129,15.5,18:31,49.2
Ivan Barbashev,20232024,VGK,L,C,82,19,26,45,15,42,0.55,16,40,3,5,0,0,0,3,122,15.6,16:07,42.5
Tommy Novak,20232024,NSH,L,C,71,18,27,45,-3,8,0.63,12,33,6,12,0,0,0,1,113,15.9,14:12,42.2
William Eklund,20232024,SJS,L,L,80,16,29,45,-45,30,0.56,8,28,8,16,0,1,2,5,128,12.5,18:40,31.3
Alex Kerfoot,20232024,ARI,L,C,82,13,32,45,-15,26,0.55,9,30,2,12,2,3,0,3,103,12.6,17:26,47.8
Mattias Ekholm,20232024,EDM,L,D,79,11,34,45,44,47,0.57,8,41,2,3,1,1,0,3,177,6.2,21:03,--
Evander Kane,20232024,EDM,L,L,77,24,20,44,-4,85,0.57,21,36,2,7,1,1,1,3,220,10.9,16:47,48
Fabian Zetterlund,20232024,SJS,R,L,82,24,20,44,-34,33,0.54,17,27,6,16,1,1,0,0,204,11.8,18:51,32.9
Anthony Mantha,20232024,"WSH,VGK",L,R,74,23,21,44,11,25,0.59,20,36,3,8,0,0,0,0,113,20.4,14:13,27.3
Logan Cooley,20232024,ARI,L,C,82,20,24,44,-13,18,0.54,16,30,3,13,1,1,1,2,151,13.3,15:49,38
Jordan Eberle,20232024,SEA,R,R,78,17,27,44,1,17,0.56,11,32,6,12,0,0,1,3,168,10.1,17:27,42.5
Elias Lindholm,20232024,"CGY,VAN",R,C,75,15,29,44,-14,25,0.59,8,29,6,12,1,3,0,4,173,8.7,19:42,56.4
Travis Sanheim,20232024,PHI,L,D,81,10,34,44,-20,48,0.54,9,35,0,5,1,4,0,3,146,6.9,23:48,--
Tyler Bertuzzi,20232024,TOR,L,L,80,21,22,43,2,53,0.54,16,37,5,6,0,0,0,2,160,13.1,16:03,30.8
Daniel Sprong,20232024,DET,R,R,76,18,25,43,-5,22,0.57,15,31,3,12,0,0,0,1,160,11.3,12:00,66.7
Brent Burns,20232024,CAR,R,D,82,10,33,43,19,20,0.52,5,22,4,20,1,1,0,0,185,5.4,21:30,--
Brandon Saad,20232024,STL,L,L,82,26,16,42,-4,20,0.51,21,37,5,5,0,0,2,7,144,18.1,15:30,42.9
Anthony Duclair,20232024,"SJS,TBL",L,L,73,24,18,42,-8,34,0.58,19,30,5,12,0,0,0,1,129,18.6,15:46,37
Lawson Crouse,20232024,ARI,L,L,81,23,19,42,-7,36,0.52,16,31,7,10,0,1,0,2,171,13.5,16:49,31.1
Kirill Marchenko,20232024,CBJ,R,R,78,23,19,42,-5,14,0.54,14,29,9,13,0,0,0,1,193,11.9,16:25,32.9
Mason McTavish,20232024,ANA,L,C,64,19,23,42,-23,86,0.66,14,32,4,8,1,2,1,3,130,14.6,16:17,51.7
Moritz Seider,20232024,DET,R,D,82,9,33,42,-7,51,0.51,6,24,3,17,0,1,0,0,135,6.7,22:22,--
Shea Theodore,20232024,VGK,L,D,47,5,37,42,4,6,0.89,3,27,2,15,0,0,0,1,105,4.8,22:05,--
Sam Bennett,20232024,FLA,L,C,69,20,21,41,17,100,0.59,15,29,5,12,0,0,0,2,171,11.7,16:37,45.5
Warren Foegele,20232024,EDM,L,L,82,20,21,41,3,47,0.5,18,38,1,1,1,2,0,2,201,10,13:59,45.5
Eeli Tolvanen,20232024,SEA,L,R,81,16,25,41,-15,24,0.51,15,31,1,10,0,0,0,3,153,10.5,15:39,34.3
Jakob Chychrun,20232024,OTT,L,D,82,14,27,41,-30,60,0.5,7,25,7,16,0,0,0,2,204,6.9,22:23,--
Nicolas Roy,20232024,VGK,R,C,70,13,28,41,8,29,0.59,11,33,1,7,1,1,0,2,112,11.6,15:27,46.8
Morgan Frost,20232024,PHI,L,C,71,13,28,41,4,22,0.58,10,30,3,11,0,0,0,1,135,9.6,15:50,49.5
Ryan Strome,20232024,ANA,R,C,79,11,30,41,-20,86,0.52,9,26,2,15,0,0,0,0,131,8.4,15:48,46.1
Sean Durzi,20232024,ARI,R,D,76,9,32,41,-1,63,0.54,6,25,3,16,0,0,0,1,142,6.3,22:43,--
Marco Rossi,20232024,MIN,L,C,82,21,19,40,-4,47,0.49,19,34,2,6,0,0,1,2,167,12.6,16:44,44.7
Jake DeBrusk,20232024,BOS,L,L,80,19,21,40,4,18,0.5,15,28,2,10,2,2,1,3,183,10.4,16:50,30.4
Trent Frederic,20232024,BOS,L,C,82,18,22,40,9,69,0.49,16,38,2,2,0,0,0,1,123,14.6,13:45,45.4
Ross Colton,20232024,COL,L,C,80,17,23,40,-8,61,0.5,14,35,3,5,0,0,0,2,146,11.6,13:43,51.6
Pierre-Luc Dubois,20232024,LAK,L,L,82,16,24,40,-9,70,0.49,9,32,7,8,0,0,0,4,146,11,15:42,49.7
Andrew Mangiapane,20232024,CGY,L,L,75,14,26,40,7,47,0.53,11,36,2,3,1,1,0,0,122,11.5,16:00,50
Reilly Smith,20232024,PIT,L,R,76,13,27,40,3,18,0.53,12,32,1,8,0,0,0,3,152,8.6,16:08,26.3
Morgan Geekie,20232024,BOS,R,C,76,17,22,39,6,28,0.51,13,27,4,12,0,0,0,1,130,13.1,15:25,44.1
Luke Evangelista,20232024,NSH,R,R,80,16,23,39,0,18,0.49,13,29,3,10,0,0,0,1,172,9.3,13:57,25
Mikael Backlund,20232024,CGY,L,C,82,15,24,39,-4,24,0.48,12,34,2,3,1,2,0,2,209,7.2,19:14,50.3
Scott Laughton,20232024,PHI,L,C,82,13,26,39,-9,69,0.48,10,26,1,5,2,8,0,2,167,7.8,15:39,48.9
Evan Rodrigues,20232024,FLA,R,C,80,12,27,39,26,34,0.49,9,29,3,10,0,0,0,1,186,6.5,15:10,50
Gustav Forsling,20232024,FLA,L,D,79,10,29,39,56,43,0.49,9,37,1,2,0,0,1,1,160,6.3,22:09,--
Rasmus Andersson,20232024,CGY,R,D,78,9,30,39,-11,47,0.5,8,30,0,8,1,1,1,3,159,5.7,23:50,--
Cam Fowler,20232024,ANA,L,D,81,5,34,39,-36,24,0.48,3,20,2,18,0,1,0,0,109,4.6,24:25,--
Torey Krug,20232024,STL,L,D,77,4,35,39,-31,32,0.51,4,26,0,13,0,0,0,2,162,2.5,21:58,--
Jake Neighbours,20232024,STL,L,L,77,27,11,38,-16,21,0.49,19,24,8,14,0,0,0,4,145,18.6,15:42,37.9
Cole Perfetti,20232024,WPG,L,C,71,19,19,38,13,12,0.54,14,27,5,11,0,0,0,3,142,13.4,13:35,37.6
Tomas Hertl,20232024,"SJS,VGK",L,C,54,17,21,38,-28,22,0.7,10,26,6,11,1,1,2,2,124,13.7,20:29,57.5
James van Riemsdyk,20232024,BOS,L,L,71,11,27,38,7,20,0.54,5,26,6,12,0,0,0,3,142,7.8,13:30,47.6
Sean Couturier,20232024,PHI,L,C,74,11,27,38,-10,29,0.51,8,29,3,7,0,2,2,3,192,5.7,17:49,53.5
Jake Sanderson,20232024,OTT,L,D,79,10,28,38,8,23,0.48,7,24,3,14,0,0,1,3,158,6.3,23:13,100
Anders Lee,20232024,NYI,L,L,81,20,17,37,2,68,0.46,15,32,5,5,0,0,0,2,185,10.8,15:34,43.2
Nick Foligno,20232024,CHI,L,L,74,17,20,37,-29,57,0.5,8,20,8,16,1,1,0,0,146,11.6,17:46,52.4
Rickard Rakell,20232024,PIT,R,R,70,15,22,37,4,22,0.53,11,31,4,6,0,0,0,2,165,9.1,16:31,23.1
Matty Beniers,20232024,SEA,L,C,77,15,22,37,-11,20,0.48,9,24,6,13,0,0,0,1,133,11.3,17:58,47.4
Stefan Noesen,20232024,CAR,R,R,81,14,23,37,13,33,0.46,11,26,3,11,0,0,0,3,111,12.6,11:52,42.2
Vladislav Namestnikov,20232024,WPG,L,C,78,11,26,37,17,37,0.47,7,31,3,5,1,1,0,0,95,11.6,14:28,36.3
Jaccob Slavin,20232024,CAR,L,D,81,6,31,37,21,8,0.46,4,34,0,0,2,3,0,1,151,4,20:56,--
Nils Hoglander,20232024,VAN,L,L,80,24,12,36,23,51,0.45,24,36,0,0,0,0,0,5,120,20,12:06,--
Gabriel Vilardi,20232024,WPG,R,C,47,22,14,36,11,14,0.77,13,22,9,14,0,0,0,5,117,18.8,17:00,45.8
Alex Killorn,20232024,ANA,L,L,63,18,18,36,-15,54,0.57,13,29,5,7,0,0,1,5,145,12.4,18:44,35.9
Danton Heinen,20232024,BOS,L,L,74,17,19,36,16,28,0.49,15,34,1,1,1,1,0,4,119,14.3,14:28,38.7
Mason Appleton,20232024,WPG,R,C,82,14,22,36,16,26,0.44,11,32,2,2,1,2,0,2,122,11.5,16:03,52.9
Boone Jenner,20232024,CBJ,L,C,58,22,13,35,-8,28,0.6,16,26,5,8,1,1,0,1,155,14.2,20:06,54.3
Jason Dickinson,20232024,CHI,L,C,82,22,13,35,4,43,0.43,20,33,2,2,0,0,0,4,126,17.5,16:34,50
Tom Wilson,20232024,WSH,R,R,74,18,17,35,-19,133,0.47,11,23,5,10,2,2,0,3,169,10.7,18:06,36.7
Dylan Guenther,20232024,ARI,R,R,45,18,17,35,-1,14,0.78,8,20,9,13,1,2,1,4,121,14.9,16:17,20.7
Erik Haula,20232024,NJD,L,L,76,16,19,35,-1,54,0.46,14,30,1,3,1,2,0,2,155,10.3,16:53,54.8
Colton Sissons,20232024,NSH,R,C,81,15,20,35,-6,38,0.43,9,24,3,7,3,4,0,2,131,11.5,16:34,52.6
Matthew Knies,20232024,TOR,L,L,80,15,20,35,9,45,0.44,15,33,0,2,0,0,0,3,115,13,13:41,0
Anton Lundell,20232024,FLA,L,C,78,13,22,35,19,46,0.45,12,29,1,5,0,1,1,2,166,7.8,15:23,54.9
Adam Lowry,20232024,WPG,L,C,81,12,23,35,17,57,0.43,11,31,0,2,1,2,1,1,119,10.1,16:06,49
Mathieu Joseph,20232024,OTT,L,R,72,11,24,35,-4,51,0.49,10,33,0,0,1,2,0,3,124,8.9,16:28,33.3
Nino Niederreiter,20232024,WPG,L,R,77,18,16,34,12,34,0.44,15,30,3,4,0,0,0,3,170,10.6,14:58,45.6
Dmitri Voronkov,20232024,CBJ,L,L,75,18,16,34,-6,52,0.45,12,26,6,8,0,0,0,2,142,12.7,13:27,42.2
Artturi Lehkonen,20232024,COL,L,L,45,16,18,34,11,14,0.76,9,22,7,12,0,0,1,2,103,15.5,18:28,27.3
Alex Newhook,20232024,MTL,L,C,55,15,19,34,-11,18,0.62,13,26,2,8,0,0,0,2,85,17.7,16:56,46.5
Connor Zary,20232024,CGY,L,C,63,14,20,34,12,22,0.54,13,30,1,4,0,0,0,3,90,15.6,15:16,44
Dawson Mercer,20232024,NJD,R,C,82,20,13,33,-26,29,0.4,16,28,4,5,0,0,0,2,134,14.9,17:13,44.9
Tyson Foerster,20232024,PHI,R,R,77,20,13,33,0,32,0.43,15,24,4,8,1,1,0,2,167,12,17:16,33.3
Connor McMichael,20232024,WSH,L,C,80,18,15,33,-20,34,0.41,15,25,2,6,1,2,0,3,135,13.3,15:59,42.4
Drew O'Connor,20232024,PIT,L,L,79,16,17,33,14,20,0.42,15,31,0,0,1,2,0,2,160,10,15:45,46.7
Andrew Copp,20232024,DET,L,C,79,13,20,33,-2,26,0.42,11,27,1,3,1,3,0,3,109,11.9,16:16,53.6
Michael Rasmussen,20232024,DET,L,C,75,13,20,33,8,47,0.44,12,29,0,0,1,4,0,3,101,12.9,15:11,48.3
Jean-Gabriel Pageau,20232024,NYI,R,C,82,11,22,33,-8,13,0.4,9,25,1,2,1,6,1,2,101,10.9,15:55,55.4
Yanni Gourde,20232024,SEA,L,C,80,11,22,33,-11,62,0.41,9,28,0,2,2,3,0,1,156,7.1,17:27,47.8
Brandon Montour,20232024,FLA,R,D,66,8,25,33,1,46,0.5,7,16,1,17,0,0,0,3,168,4.8,23:27,--
Darren Raddysh,20232024,TBL,R,D,82,6,27,33,-3,21,0.4,5,26,1,7,0,0,1,2,101,5.9,19:06,--
Owen Power,20232024,BUF,L,D,76,6,27,33,8,28,0.43,6,26,0,6,0,1,0,1,108,5.6,22:55,--
Neal Pionk,20232024,WPG,R,D,82,5,28,33,9,63,0.4,4,25,1,8,0,0,0,1,146,3.4,20:50,--
Alex Pietrangelo,20232024,VGK,R,D,64,4,29,33,-5,24,0.52,4,23,0,9,0,1,1,2,141,2.8,23:34,--
Robby Fabbri,20232024,DET,L,C,68,18,14,32,-13,32,0.47,13,20,5,12,0,0,0,3,97,18.6,12:52,58.3
Dakota Joshua,20232024,VAN,L,C,63,18,14,32,19,60,0.51,17,31,1,1,0,0,0,5,84,21.4,14:23,47.2
Jason Zucker,20232024,"ARI,NSH",L,L,69,14,18,32,-9,81,0.46,9,22,5,10,0,0,0,0,150,9.3,13:49,39.4
Jordan Martinook,20232024,CAR,L,L,82,14,18,32,-1,36,0.39,13,31,0,0,1,1,0,1,148,9.5,14:39,50.5
Cole Sillinger,20232024,CBJ,L,C,77,13,19,32,-4,46,0.42,12,30,1,1,0,1,0,1,157,8.3,16:07,46.3
Darnell Nurse,20232024,EDM,L,D,81,10,22,32,3,79,0.4,8,26,1,5,1,1,1,2,181,5.5,21:54,--
Oliver Ekman-Larsson,20232024,FLA,L,D,80,9,23,32,10,76,0.4,8,21,1,11,0,0,1,3,123,7.3,18:24,--
Ivan Provorov,20232024,CBJ,L,D,82,5,27,32,-11,20,0.39,5,25,0,7,0,0,0,0,107,4.7,22:10,--
Ryan McDonagh,20232024,NSH,L,D,74,3,29,32,19,31,0.43,3,28,0,4,0,0,1,1,91,3.3,21:47,--
Tyler Johnson,20232024,CHI,R,C,67,17,14,31,-35,26,0.46,9,15,8,16,0,0,0,1,112,15.2,15:32,44.4
Brendan Gallagher,20232024,MTL,R,R,77,16,15,31,-24,74,0.4,15,27,1,4,0,0,0,2,154,10.4,13:47,41.2
Lars Eller,20232024,PIT,L,C,82,15,16,31,-1,32,0.38,10,24,4,5,1,2,0,0,154,9.7,15:58,52.3
Ondrej Palat,20232024,NJD,L,L,71,11,20,31,-9,37,0.44,10,26,1,5,0,0,0,0,108,10.2,15:39,23.5
Ilya Mikheyev,20232024,VAN,L,R,78,11,20,31,1,4,0.4,11,31,0,0,0,0,0,1,147,7.5,14:16,27.6
John (Jack) Roslovic,20232024,"CBJ,NYR",R,C,59,9,22,31,-10,16,0.53,8,26,0,4,1,1,1,3,117,7.7,15:33,42.9
Seth Jones,20232024,CHI,R,D,67,8,23,31,-15,34,0.46,5,22,3,9,0,0,2,4,172,4.7,25:29,--
Erik Gustafsson,20232024,NYR,L,D,76,6,25,31,3,35,0.41,6,22,0,9,0,0,0,1,93,6.5,17:24,--
Dylan DeMelo,20232024,WPG,R,D,82,3,28,31,46,36,0.38,3,30,0,1,0,0,0,0,83,3.6,21:44,--
Josh Norris,20232024,OTT,L,C,50,16,14,30,-6,22,0.6,11,17,5,12,0,1,0,3,115,13.9,17:38,52.2
Jaden Schwartz,20232024,SEA,L,C,62,13,17,30,-15,24,0.48,6,20,7,10,0,0,0,0,117,11.1,16:22,57.1
Ryan Donato,20232024,CHI,L,C,78,12,18,30,-14,26,0.38,11,27,1,3,0,0,0,0,149,8.1,14:00,44.1
Alexandre Texier,20232024,CBJ,L,C,78,12,18,30,-5,38,0.38,10,26,0,2,2,2,0,1,109,11,15:11,31.6
Ryan McLeod,20232024,EDM,L,C,81,12,18,30,10,10,0.37,12,27,0,1,0,2,0,3,106,11.3,14:15,50.8
Marcus Johansson,20232024,MIN,L,L,78,11,19,30,-15,22,0.38,10,24,1,6,0,0,0,0,112,9.8,15:53,18.8
Zach Benson,20232024,BUF,L,L,71,11,19,30,-3,36,0.42,11,28,0,2,0,0,0,1,98,11.2,14:31,29.4
Jordan Staal,20232024,CAR,L,C,80,10,20,30,-14,44,0.38,9,25,0,1,1,4,0,3,123,8.1,15:23,58.1
Alexander Wennberg,20232024,"SEA,NYR",L,C,79,10,20,30,0,14,0.38,6,23,3,6,1,1,0,4,90,11.1,17:59,46.5
Cam York,20232024,PHI,L,D,82,10,20,30,-13,44,0.37,10,22,0,6,0,2,0,1,134,7.5,22:37,--
Thomas Chabot,20232024,OTT,L,D,51,9,21,30,-3,22,0.59,8,23,1,7,0,0,0,0,118,7.6,23:03,--
K'Andre Miller,20232024,NYR,L,D,80,8,22,30,5,49,0.38,8,28,0,1,0,1,1,3,96,8.3,21:34,--
Marcus Pettersson,20232024,PIT,L,D,82,4,26,30,28,44,0.37,4,30,0,0,0,0,1,1,106,3.8,22:40,--
Justin Faulk,20232024,STL,R,D,60,2,28,30,-2,39,0.5,1,22,1,7,0,1,0,1,132,1.5,21:58,--
Michael Carcone,20232024,ARI,L,L,74,21,8,29,-2,35,0.39,19,26,1,2,1,1,0,4,111,18.9,11:16,30.8
Yegor Chinakhov,20232024,CBJ,L,R,53,16,13,29,-3,6,0.55,15,27,1,2,0,0,0,3,110,14.6,15:10,7.1
Pius Suter,20232024,VAN,L,C,67,14,15,29,17,16,0.43,12,24,2,5,0,0,0,3,105,13.3,15:30,49.3
Kevin Hayes,20232024,STL,L,R,79,13,16,29,0,12,0.37,13,24,0,5,0,0,0,2,153,8.5,14:28,57
Leo Carlsson,20232024,ANA,L,C,55,12,17,29,-11,16,0.53,8,20,4,9,0,0,0,0,109,11,18:07,34.8
Bowen Byram,20232024,"COL,BUF",L,D,73,11,18,29,0,53,0.4,11,28,0,1,0,0,0,0,84,13.1,20:21,--
Sean Walker,20232024,"PHI,COL",R,D,81,10,19,29,11,50,0.36,8,25,0,1,2,3,0,1,150,6.7,19:14,--
Aliaksei Protas,20232024,WSH,L,C,78,6,23,29,-3,8,0.37,6,28,0,0,0,1,0,1,113,5.3,13:45,40.4
Tyler Myers,20232024,VAN,R,D,77,5,24,29,16,77,0.38,3,27,0,0,2,2,0,0,93,5.4,18:57,--
Alexander Holtz,20232024,NJD,R,R,82,16,12,28,-15,14,0.34,15,26,1,2,0,0,0,3,122,13.1,11:38,29.6
Cameron Atkinson,20232024,PHI,R,R,70,13,15,28,-22,27,0.4,11,22,2,6,0,0,0,3,175,7.4,15:57,48
Joe Veleno,20232024,DET,L,C,80,12,16,28,-16,25,0.35,9,22,3,5,0,1,0,1,86,14,13:57,49
Ryan Poehling,20232024,PHI,L,C,77,11,17,28,-11,6,0.36,7,22,1,2,3,4,0,1,111,9.9,15:00,49.2
Pierre Engvall,20232024,NYI,L,L,74,10,18,28,4,18,0.38,8,21,2,7,0,0,0,1,128,7.8,15:20,46.3
Jordan Greenway,20232024,BUF,L,L,67,10,18,28,11,64,0.42,9,24,1,3,0,1,0,1,107,9.4,17:15,29.8
Damon Severson,20232024,CBJ,R,D,67,9,19,28,-10,51,0.42,9,23,0,3,0,2,0,1,88,10.2,21:09,--
Jake McCabe,20232024,TOR,L,D,73,8,20,28,20,56,0.38,7,25,1,2,0,1,1,3,73,11,20:39,--
Jake Evans,20232024,MTL,R,C,82,7,21,28,-1,24,0.34,6,27,0,0,1,1,0,1,81,8.6,16:01,52.2
Teddy Blueger,20232024,VAN,L,C,68,6,22,28,4,31,0.41,4,24,0,0,2,4,0,0,97,6.2,14:56,53.1
Pavel Mintyukov,20232024,ANA,L,D,63,4,24,28,-20,24,0.44,4,20,0,7,0,1,0,0,88,4.6,18:51,--
Nick Leddy,20232024,STL,L,D,82,3,25,28,14,14,0.34,2,25,0,1,1,2,0,0,82,3.7,22:22,--
Michael Amadio,20232024,VGK,R,R,73,14,13,27,4,16,0.37,11,22,3,5,0,0,0,2,117,12,13:24,51.5
Nicholas Robertson,20232024,TOR,L,L,56,14,13,27,4,4,0.48,13,24,1,3,0,0,0,1,96,14.6,11:23,27.3
Eetu Luostarinen,20232024,FLA,L,C,82,12,15,27,1,26,0.33,10,24,2,2,0,1,0,2,119,10.1,15:56,53.6
Jesperi Kotkaniemi,20232024,CAR,L,C,79,12,15,27,-4,36,0.34,11,24,1,2,0,1,0,0,128,9.4,12:59,51.6
Adam Fantilli,20232024,CBJ,L,C,49,12,15,27,-21,16,0.55,11,24,1,3,0,0,0,1,115,10.4,15:43,43.6
Alex Iafallo,20232024,WPG,L,L,82,11,16,27,14,6,0.33,9,21,2,5,0,1,0,2,120,9.2,15:19,32
Kiefer Sherwood,20232024,NSH,R,L,68,10,17,27,17,41,0.4,10,27,0,0,0,0,0,2,110,9.1,12:10,48.4
Shane Pinto,20232024,OTT,R,C,41,9,18,27,9,14,0.66,5,21,4,6,0,0,1,1,110,8.2,18:07,50.6
Jack Drury,20232024,CAR,L,C,74,8,19,27,4,33,0.36,6,20,2,7,0,0,0,0,106,7.6,12:17,55.3
Jonas Brodin,20232024,MIN,L,D,62,7,20,27,22,16,0.44,7,26,0,1,0,0,0,1,117,6,23:22,--
Jimmy Vesey,20232024,NYR,L,L,80,13,13,26,-4,20,0.33,13,26,0,0,0,0,0,4,116,11.2,12:23,39.1
Ridly Greig,20232024,OTT,L,C,72,13,13,26,10,66,0.36,10,23,2,2,1,1,0,1,97,13.4,14:45,43.9
Colton Parayko,20232024,STL,R,D,82,10,16,26,4,23,0.32,9,23,0,1,1,2,1,4,154,6.5,23:52,--
Justin Danforth,20232024,CBJ,R,R,71,10,16,26,-10,26,0.37,10,26,0,0,0,0,0,1,86,11.6,14:16,48.5
Miles Wood,20232024,COL,L,L,74,9,17,26,-5,75,0.35,8,25,0,0,1,1,0,1,167,5.4,13:41,31.7
Jack McBain,20232024,ARI,L,C,67,8,18,26,8,50,0.39,8,26,0,0,0,0,1,2,56,14.3,12:37,45.2
Justin Schultz,20232024,SEA,R,D,70,7,19,26,-23,22,0.37,7,16,0,10,0,0,1,2,100,7,16:28,--
Dmitry Orlov,20232024,CAR,L,D,82,6,20,26,4,36,0.32,5,20,0,5,1,1,0,1,129,4.7,17:19,--
Erik Gudbranson,20232024,CBJ,R,D,78,6,20,26,-14,74,0.33,6,25,0,0,0,1,0,1,91,6.6,19:40,--
Esa Lindell,20232024,DAL,L,D,82,5,21,26,17,12,0.32,5,25,0,0,0,1,0,0,114,4.4,20:28,--
Janis Moser,20232024,ARI,L,D,80,5,21,26,-5,35,0.33,5,21,0,3,0,2,0,0,77,6.5,20:34,--
Brayden McNabb,20232024,VGK,L,D,82,4,22,26,18,37,0.32,4,24,0,1,0,1,0,0,86,4.7,19:21,--
Hampus Lindholm,20232024,BOS,L,D,73,3,23,26,18,63,0.36,2,21,1,5,0,0,0,0,99,3,23:17,--
TJ Brodie,20232024,TOR,L,D,78,1,25,26,17,40,0.33,1,26,0,0,0,0,0,0,52,1.9,21:43,--
Joel Armia,20232024,MTL,R,R,66,17,8,25,4,34,0.38,15,23,0,0,2,2,0,3,139,12.2,15:33,31.3
Simon Holmstrom,20232024,NYI,L,R,75,15,10,25,2,14,0.33,10,18,0,0,5,7,0,3,72,20.8,13:19,31.6
Logan O'Connor,20232024,COL,R,R,57,13,12,25,13,34,0.44,10,22,0,0,3,3,0,4,85,15.3,14:57,45.3
T.J. Oshie,20232024,WSH,R,R,52,12,13,25,-6,44,0.48,5,14,7,11,0,0,0,4,90,13.3,16:52,27.9
Michael Eyssimont,20232024,TBL,L,C,81,11,14,25,7,104,0.31,9,21,2,4,0,0,0,2,149,7.4,11:51,46.2
Josh Manson,20232024,COL,R,D,76,8,17,25,11,87,0.33,7,23,0,0,1,2,0,0,123,6.5,17:47,0
Curtis Lazar,20232024,NJD,R,C,71,7,18,25,10,44,0.35,6,24,0,0,1,1,0,2,74,9.5,12:23,48.8
Jake Middleton,20232024,MIN,L,D,80,7,18,25,-15,77,0.31,7,24,0,0,0,1,0,1,85,8.2,19:49,--
Paul Cotter,20232024,VGK,L,C,76,7,18,25,-11,41,0.33,5,21,2,4,0,0,0,0,100,7,12:44,49.1
Cody Ceci,20232024,EDM,R,D,79,5,20,25,12,14,0.32,5,24,0,0,0,1,0,0,97,5.2,20:01,--
Matt Roy,20232024,LAK,R,D,81,5,20,25,21,42,0.31,5,22,0,1,0,2,0,1,135,3.7,20:54,--
Artem Zub,20232024,OTT,R,D,69,5,20,25,5,32,0.36,4,24,0,0,1,1,0,0,85,5.9,21:01,--
John Marino,20232024,NJD,R,D,75,4,21,25,-6,41,0.33,4,25,0,0,0,0,0,1,57,7,20:57,--
Will Borgen,20232024,SEA,R,D,82,3,22,25,-5,65,0.3,3,25,0,0,0,0,0,0,97,3.1,17:35,--
Bobby McMann,20232024,TOR,L,C,56,15,9,24,13,52,0.43,14,23,1,1,0,0,0,0,118,12.7,11:34,60
Sam Lafferty,20232024,VAN,R,C,79,13,11,24,4,32,0.3,12,23,0,0,1,1,0,3,78,16.7,11:53,42.1
Pavel Dorofeyev,20232024,VGK,L,L,47,13,11,24,8,12,0.51,13,23,0,1,0,0,0,1,97,13.4,13:17,50
Tomas Tatar,20232024,"COL,SEA",L,L,70,9,15,24,8,20,0.34,9,23,0,1,0,0,0,2,72,12.5,12:27,25
Sam Steel,20232024,DAL,L,C,77,9,15,24,0,29,0.31,7,21,0,0,2,3,0,1,86,10.5,13:15,45
Evgeny Kuznetsov,20232024,"WSH,CAR",L,C,63,8,16,24,-11,30,0.38,7,17,1,7,0,0,0,1,96,8.3,17:33,45
Martin Pospisil,20232024,CGY,L,C,63,8,16,24,14,109,0.38,8,24,0,0,0,0,0,1,117,6.8,12:43,45.1
Kevin Shattenkirk,20232024,BOS,R,D,61,6,18,24,-2,18,0.39,4,13,2,11,0,0,0,0,78,7.7,15:47,--
David Savard,20232024,MTL,R,D,60,6,18,24,-1,24,0.4,6,24,0,0,0,0,0,0,54,11.1,20:14,--
Mike Reilly,20232024,"FLA,NYI",L,D,61,6,18,24,-1,30,0.39,5,18,0,5,1,1,0,1,126,4.8,17:09,--
Jeff Petry,20232024,DET,R,D,73,3,21,24,-7,39,0.33,3,23,0,0,0,1,0,0,84,3.6,18:48,--
Nick Perbix,20232024,TBL,R,D,77,2,22,24,8,10,0.31,2,24,0,0,0,0,1,1,57,3.5,17:05,--
Jordan Spence,20232024,LAK,R,D,71,2,22,24,5,12,0.34,1,18,1,6,0,0,0,0,80,2.5,14:26,--
Sonny Milano,20232024,WSH,L,L,49,15,8,23,4,10,0.47,12,19,3,4,0,0,0,2,50,30,12:30,--
Ryan Johansen,20232024,COL,R,C,63,13,10,23,-6,34,0.37,9,16,4,6,0,1,0,4,78,16.7,13:39,53.1
Filip Zadina,20232024,SJS,L,R,72,13,10,23,-44,18,0.32,10,19,3,4,0,0,0,3,137,9.5,13:20,22.1
Evgenii Dadonov,20232024,DAL,L,R,51,12,11,23,-6,8,0.45,11,21,1,2,0,0,0,3,67,17.9,13:11,0
Alex Laferriere,20232024,LAK,R,R,81,12,11,23,-14,46,0.28,12,20,0,3,0,0,0,2,147,8.2,13:13,53.9
Bobby Brink,20232024,PHI,R,R,57,11,12,23,1,10,0.4,8,18,3,5,0,0,0,2,81,13.6,13:48,57.1
Mike Hoffman,20232024,SJS,L,C,66,10,13,23,-21,20,0.35,7,17,3,6,0,0,0,1,71,14.1,13:44,37.5
Casey Cizikas,20232024,NYI,L,C,70,10,13,23,-2,22,0.33,9,21,0,1,1,1,0,1,82,12.2,13:56,53.4
Cole Smith,20232024,NSH,L,L,80,9,14,23,5,63,0.29,8,20,0,0,1,3,0,4,112,8,13:41,29.4
Vladislav Gavrikov,20232024,LAK,L,D,77,6,17,23,9,28,0.3,6,22,0,0,0,1,1,1,114,5.3,20:37,--
Max Pacioretty,20232024,WSH,L,L,47,4,19,23,-14,25,0.49,2,12,2,11,0,0,0,0,95,4.2,14:26,29.4
Timothy Liljegren,20232024,TOR,R,D,55,3,20,23,3,16,0.42,3,15,0,7,0,1,0,1,62,4.8,19:40,--
Rasmus Sandin,20232024,WSH,L,D,68,3,20,23,-13,24,0.34,3,18,0,5,0,0,0,1,79,3.8,21:07,--
Corey Perry,20232024,"CHI,EDM",R,R,54,12,10,22,-6,46,0.41,9,18,3,4,0,0,0,2,82,14.6,13:23,0
Kyle Okposo,20232024,"BUF,FLA",R,R,67,12,10,22,1,34,0.33,9,17,2,4,1,1,0,0,114,10.5,13:21,47.6
Nic Dowd,20232024,WSH,R,C,64,12,10,22,-2,47,0.34,12,22,0,0,0,0,0,2,61,19.7,15:12,48.1
Michael McCarron,20232024,NSH,R,R,70,12,10,22,4,100,0.31,12,22,0,0,0,0,0,3,94,12.8,12:46,53.2
Brett Leason,20232024,ANA,R,R,68,11,11,22,-7,14,0.32,9,20,0,0,2,2,0,0,91,12.1,13:01,41.5
Marcus Foligno,20232024,MIN,L,L,55,10,12,22,10,59,0.4,10,21,0,0,0,1,0,3,56,17.9,14:29,38.9
Jalen Chatfield,20232024,CAR,R,D,72,8,14,22,15,24,0.31,8,22,0,0,0,0,0,2,90,8.9,15:12,--
Hendrix Lapierre,20232024,WSH,L,C,51,8,14,22,-1,4,0.43,8,20,0,2,0,0,0,1,51,15.7,11:26,37.5
Alexander Romanov,20232024,NYI,L,D,81,7,15,22,23,20,0.27,7,22,0,0,0,0,0,0,117,6,20:50,--
Kasperi Kapanen,20232024,STL,R,R,73,6,16,22,-5,14,0.3,5,20,0,0,1,2,0,1,99,6.1,14:23,34.2
Kaiden Guhle,20232024,MTL,L,D,70,6,16,22,-8,56,0.31,6,22,0,0,0,0,1,1,95,6.3,20:51,--
Jacob Trouba,20232024,NYR,R,D,69,3,19,22,-4,73,0.32,3,20,0,1,0,1,0,0,129,2.3,21:15,--
Alexey Toropchenko,20232024,STL,L,R,82,14,7,21,-3,30,0.26,12,19,0,0,2,2,0,1,114,12.3,12:31,0
Will Cuylle,20232024,NYR,L,L,81,13,8,21,-3,56,0.26,12,19,1,2,0,0,0,2,119,10.9,11:08,20
Jake Walman,20232024,DET,L,D,63,12,9,21,-2,44,0.33,11,16,1,4,0,1,2,3,108,11.1,19:46,--
Calle Jarnkrok,20232024,TOR,R,C,52,10,11,21,16,18,0.4,9,18,0,1,1,2,1,3,92,10.9,15:16,49.2
Blake Wheeler,20232024,NYR,R,R,54,9,12,21,2,23,0.39,8,20,1,1,0,0,0,1,83,10.8,12:43,61.3
Oskar Sundqvist,20232024,STL,R,C,71,6,15,21,-6,32,0.3,2,13,3,5,1,3,0,0,68,8.8,13:15,41.9
Beck Malenstyn,20232024,WSH,L,L,81,6,15,21,-1,25,0.26,6,20,0,0,0,1,0,1,98,6.1,14:15,45.1
Michael Kesselring,20232024,ARI,R,D,65,5,16,21,11,66,0.32,5,21,0,0,0,0,0,2,76,6.6,15:48,--
Egor Zamula,20232024,PHI,L,D,66,5,16,21,3,32,0.32,3,11,2,9,0,1,0,1,61,8.2,16:03,--
Mario Ferraro,20232024,SJS,L,D,78,3,18,21,-38,36,0.27,3,21,0,0,0,0,0,0,124,2.4,22:52,--
Craig Smith,20232024,DAL,R,C,75,11,9,20,2,33,0.27,11,20,0,0,0,0,0,2,112,9.8,10:13,25
Tye Kartye,20232024,SEA,L,L,77,11,9,20,-1,37,0.26,11,20,0,0,0,0,0,1,109,10.1,11:50,47.1
Josh Anderson,20232024,MTL,R,R,78,9,11,20,-18,74,0.26,9,18,0,2,0,0,0,0,141,6.4,15:28,48.4
Brenden Dillon,20232024,WPG,L,D,77,8,12,20,20,92,0.26,8,20,0,0,0,0,0,2,79,10.1,18:44,--
Philip Tomasino,20232024,NSH,R,C,41,7,13,20,-6,25,0.49,7,16,0,4,0,0,0,2,62,11.3,12:34,15.8
Nikita Zadorov,20232024,"CGY,VAN",L,D,75,6,14,20,0,125,0.27,6,19,0,0,0,1,0,1,90,6.7,17:26,--
Ben Chiarot,20232024,DET,L,D,77,5,15,20,-4,56,0.26,5,20,0,0,0,0,1,1,107,4.7,19:47,--
Valtteri Puustinen,20232024,PIT,R,R,52,5,15,20,4,6,0.38,5,18,0,2,0,0,0,0,86,5.8,11:45,25
Alexandre Carrier,20232024,NSH,R,D,73,4,16,20,7,44,0.27,3,18,0,1,1,1,0,2,77,5.2,18:48,--
Henri Jokiharju,20232024,BUF,R,D,74,3,17,20,14,24,0.27,3,19,0,0,0,1,1,1,84,3.6,18:59,--
Erik Brannstrom,20232024,OTT,L,D,76,3,17,20,5,36,0.26,3,19,0,0,0,1,0,0,77,3.9,16:35,--
Dmitry Kulikov,20232024,FLA,L,D,76,1,19,20,15,63,0.26,1,18,0,0,0,2,0,0,74,1.4,16:31,--
Kaapo Kakko,20232024,NYR,L,R,61,13,6,19,6,24,0.31,12,18,1,1,0,0,0,2,91,14.3,13:17,56.5
Connor Dewar,20232024,"MIN,TOR",L,C,74,11,8,19,-8,28,0.26,10,18,0,0,1,1,0,0,77,14.3,11:39,46.8
Michael McLeod,20232024,NJD,R,C,45,10,9,19,6,10,0.42,10,19,0,0,0,0,0,2,73,13.7,15:09,65
Jack Quinn,20232024,BUF,R,R,27,9,10,19,-1,8,0.7,8,16,1,3,0,0,0,2,56,16.1,15:38,33.3
Brett Howden,20232024,VGK,L,C,72,8,11,19,-11,39,0.26,6,17,0,0,2,2,0,0,76,10.5,13:14,45.1
David Kampf,20232024,TOR,L,C,78,8,11,19,-4,18,0.24,8,19,0,0,0,0,0,1,79,10.1,13:29,50.9
Cal Clutterbuck,20232024,NYI,R,R,82,7,12,19,4,32,0.23,7,19,0,0,0,0,0,0,59,11.9,11:53,37.1
Jakob Silfverberg,20232024,ANA,R,R,81,7,12,19,4,24,0.23,5,13,1,4,1,2,0,1,102,6.9,13:03,34
Radek Faksa,20232024,DAL,L,C,74,7,12,19,0,20,0.26,5,15,0,0,2,4,0,2,71,9.9,12:31,54.4
Andrew Cogliano,20232024,COL,L,C,75,6,13,19,11,16,0.25,5,15,0,0,1,4,0,0,61,9.8,10:37,33.1
Jesper Fast,20232024,CAR,R,R,73,6,13,19,0,16,0.26,6,19,0,0,0,0,0,0,79,7.6,12:36,43.8
Jonny Brodzinski,20232024,NYR,R,C,57,6,13,19,-3,8,0.33,5,17,1,2,0,0,0,2,89,6.7,11:08,50.2
Ryan Pulock,20232024,NYI,R,D,58,5,14,19,3,12,0.33,3,13,2,6,0,0,0,1,90,5.6,22:33,--
Christian Fischer,20232024,DET,R,R,79,5,14,19,0,36,0.24,4,18,0,0,1,1,0,0,86,5.8,11:24,40.4
Jan Rutta,20232024,SJS,R,D,69,5,14,19,-21,38,0.28,5,17,0,0,0,2,0,1,69,7.3,19:43,--
Braden Schneider,20232024,NYR,R,D,82,5,14,19,-1,16,0.23,4,18,0,0,1,1,0,1,95,5.3,15:54,--
Simon Nemec,20232024,NJD,R,D,60,3,16,19,-7,33,0.32,3,17,0,2,0,0,0,1,73,4.1,19:52,--
Chris Tanev,20232024,"CGY,DAL",R,D,75,2,17,19,22,24,0.25,2,19,0,0,0,0,0,0,56,3.6,19:41,--
Mikhail Sergachev,20232024,TBL,L,D,34,2,17,19,-16,16,0.56,2,12,0,7,0,0,0,0,53,3.8,22:33,--
Nils Lundkvist,20232024,DAL,R,D,59,2,17,19,13,16,0.32,2,17,0,2,0,0,0,0,73,2.7,14:06,--
Luke Kunin,20232024,SJS,R,C,77,11,7,18,-30,83,0.23,9,13,2,5,0,0,0,1,98,11.2,15:44,45.6
Morgan Barron,20232024,WPG,L,C,80,11,7,18,10,23,0.23,11,17,0,1,0,0,0,3,94,11.7,10:30,46.3
Sean Kuraly,20232024,CBJ,L,C,62,9,9,18,-5,40,0.29,9,17,0,0,0,1,0,0,92,9.8,13:44,48.1
Keegan Kolesar,20232024,VGK,R,R,79,8,10,18,-8,49,0.23,7,16,0,0,1,2,0,2,73,11,10:52,40
Parker Kelly,20232024,OTT,L,L,80,8,10,18,-8,30,0.23,6,15,0,0,2,3,0,0,86,9.3,11:42,23.9
Radko Gudas,20232024,ANA,R,D,66,6,12,18,14,128,0.27,6,17,0,0,0,1,0,0,88,6.8,19:30,--
Noah Cates,20232024,PHI,L,L,59,6,12,18,-8,0,0.31,6,16,0,0,0,2,0,1,78,7.7,13:48,44.6
Adam Larsson,20232024,SEA,R,D,81,4,14,18,6,55,0.22,4,17,0,0,0,1,0,1,130,3.1,22:57,--
Olli Maatta,20232024,DET,L,D,72,4,14,18,14,14,0.25,4,18,0,0,0,0,0,0,48,8.3,16:03,--
Connor Clifton,20232024,BUF,R,D,79,4,14,18,12,88,0.23,4,18,0,0,0,0,0,1,77,5.2,16:33,--
Aaron Ekblad,20232024,FLA,R,D,51,4,14,18,27,50,0.35,3,14,1,4,0,0,0,1,98,4.1,20:52,--
Samuel Girard,20232024,COL,L,D,59,3,15,18,0,10,0.31,3,17,0,1,0,0,0,0,73,4.1,19:23,--
Mikey Anderson,20232024,LAK,L,D,74,2,16,18,22,18,0.24,2,17,0,0,0,1,0,0,89,2.3,20:38,--
Dylan Samberg,20232024,WPG,L,D,78,1,17,18,16,43,0.23,1,16,0,1,0,1,0,0,77,1.3,15:38,--
Yakov Trenin,20232024,"NSH,COL",L,C,76,12,5,17,15,40,0.22,12,16,0,0,0,1,0,3,116,10.3,14:34,45
Garnet Hathaway,20232024,PHI,R,R,82,7,10,17,-7,132,0.21,6,14,0,0,1,3,0,1,103,6.8,12:29,66.7
Pontus Holmberg,20232024,TOR,L,R,54,7,10,17,11,18,0.31,7,17,0,0,0,0,0,1,54,13,11:34,46.3
Anthony Beauvillier,20232024,"VAN,CHI,NSH",L,L,60,5,12,17,-8,8,0.28,3,13,2,4,0,0,0,0,105,4.8,13:35,51.3
Joey Anderson,20232024,CHI,R,R,55,5,12,17,5,8,0.31,5,17,0,0,0,0,0,0,57,8.8,13:33,0
Alec Martinez,20232024,VGK,L,D,55,4,13,17,-2,6,0.31,4,14,0,3,0,0,0,0,72,5.6,19:03,--
Peyton Krebs,20232024,BUF,L,C,80,4,13,17,2,67,0.21,4,17,0,0,0,0,0,2,74,5.4,12:30,46.3
Niko Mikkola,20232024,FLA,L,D,82,3,14,17,11,69,0.21,3,16,0,0,0,1,0,0,93,3.2,20:02,--
Ryan Lindgren,20232024,NYR,L,D,76,3,14,17,22,36,0.22,3,17,0,0,0,0,0,1,73,4.1,19:21,--
Ryan Suter,20232024,DAL,L,D,82,2,15,17,14,28,0.21,2,16,0,0,0,1,0,1,102,2,18:56,--
Juuso Valimaki,20232024,ARI,L,D,68,2,15,17,12,12,0.25,2,13,0,4,0,0,0,0,69,2.9,19:06,--
Jackson LaCombe,20232024,ANA,L,D,71,2,15,17,-24,24,0.24,2,14,0,2,0,1,0,1,55,3.6,19:23,--
Calen Addison,20232024,"MIN,SJS",R,D,72,1,16,17,-38,72,0.24,1,8,0,9,0,0,0,0,93,1.1,17:16,--
Scott Perunovich,20232024,STL,L,D,54,0,17,17,1,12,0.31,0,11,0,6,0,0,0,0,36,0,15:16,--
Sam Carrick,20232024,"ANA,EDM",R,C,77,10,6,16,-11,102,0.21,7,13,1,1,2,2,0,0,92,10.9,12:13,53.4
Trevor Lewis,20232024,LAK,R,C,82,8,8,16,7,20,0.2,7,13,0,1,1,2,0,2,130,6.2,11:38,42.6
Kailer Yamamoto,20232024,SEA,R,R,59,8,8,16,-9,18,0.27,6,10,2,6,0,0,0,2,61,13.1,11:59,35.5
Emil Bemstrom,20232024,"CBJ,PIT",R,C,56,8,8,16,-5,12,0.29,4,11,4,5,0,0,0,1,83,9.6,11:08,37.5
Andre Burakovsky,20232024,SEA,L,L,49,7,9,16,-15,14,0.33,2,7,5,9,0,0,0,1,92,7.6,14:34,50
Brandon Tanev,20232024,SEA,L,L,66,7,9,16,2,51,0.24,7,14,0,0,0,2,0,0,73,9.6,14:35,30
Brian Dumoulin,20232024,SEA,L,D,80,6,10,16,3,20,0.2,6,16,0,0,0,0,0,1,69,8.7,17:01,--
Nicolas Aube-Kubel,20232024,WSH,R,R,60,6,10,16,4,23,0.27,6,16,0,0,0,0,0,0,58,10.3,12:12,33.3
Kent Johnson,20232024,CBJ,L,C,42,6,10,16,-2,10,0.38,6,16,0,0,0,0,1,1,62,9.7,13:33,40
Dougie Hamilton,20232024,NJD,R,D,20,5,11,16,-8,20,0.8,1,8,4,8,0,0,0,0,61,8.2,20:59,--
Lukas Reichel,20232024,CHI,L,L,65,5,11,16,-29,12,0.25,3,14,2,2,0,0,0,0,84,6,14:07,43.4
Patrick Maroon,20232024,"MIN,BOS",L,L,51,4,12,16,-11,60,0.31,4,15,0,1,0,0,0,0,56,7.1,12:51,37.5
Jack Johnson,20232024,COL,L,D,80,3,13,16,15,38,0.2,3,16,0,0,0,0,0,0,76,4,14:56,--
Brett Kulak,20232024,EDM,L,D,82,3,13,16,0,30,0.2,3,15,0,1,0,0,0,1,94,3.2,15:23,--
Martin Fehervary,20232024,WSH,L,D,66,3,13,16,-7,24,0.24,3,15,0,0,0,1,0,0,61,4.9,19:38,--
Alex Vlasic,20232024,CHI,L,D,76,2,14,16,-4,45,0.21,2,14,0,2,0,0,0,1,71,2.8,21:29,--
Adam Pelech,20232024,NYI,L,D,58,1,15,16,-2,27,0.28,1,15,0,0,0,1,1,1,71,1.4,20:17,--
Jeff Carter,20232024,PIT,R,C,72,11,4,15,-7,12,0.21,5,9,4,4,2,2,0,4,90,12.2,12:34,62.5
Dominik Kubalik,20232024,OTT,L,L,74,11,4,15,-30,19,0.2,7,11,4,4,0,0,0,2,91,12.1,12:07,40.5
Kevin Stenlund,20232024,FLA,R,C,81,11,4,15,-10,62,0.19,9,13,0,0,2,2,0,3,81,13.6,12:36,51.4
Alex Nylander,20232024,"PIT,CBJ",R,L,28,11,4,15,-1,6,0.54,9,13,2,2,0,0,0,2,72,15.3,16:15,47.4
Nick Cousins,20232024,FLA,L,C,69,7,8,15,1,64,0.22,7,15,0,0,0,0,0,3,111,6.3,12:11,53.1
Mark Jankowski,20232024,NSH,L,C,32,7,8,15,11,8,0.47,6,13,0,1,1,1,0,1,48,14.6,12:40,50.3
Victor Olofsson,20232024,BUF,L,L,51,7,8,15,-1,4,0.29,6,12,1,3,0,0,0,1,66,10.6,11:34,0
Blake Lizotte,20232024,LAK,L,C,62,7,8,15,11,20,0.24,5,12,0,0,2,3,0,2,76,9.2,11:49,46.9
Arthur Kaliyev,20232024,LAK,L,R,51,7,8,15,-3,14,0.29,4,11,3,4,0,0,0,0,101,6.9,11:48,0
Viktor Arvidsson,20232024,LAK,R,L,18,6,9,15,4,14,0.83,5,10,1,5,0,0,0,1,59,10.2,16:42,33.3
Trevor Zegras,20232024,ANA,L,C,31,6,9,15,-1,30,0.48,5,14,1,1,0,0,0,1,73,8.2,17:05,38.4
Brendan Smith,20232024,NJD,L,D,63,5,10,15,-3,61,0.24,5,15,0,0,0,0,0,0,60,8.3,16:06,--
Frederick Gaudreau,20232024,MIN,R,C,67,5,10,15,-23,12,0.22,3,8,2,7,0,0,0,1,105,4.8,13:57,49.9
Max Jones,20232024,ANA,L,L,52,5,10,15,-6,33,0.29,5,14,0,1,0,0,0,0,76,6.6,12:03,31.3
Kevin Korchinski,20232024,CHI,L,D,76,5,10,15,-39,20,0.2,5,8,0,7,0,0,1,2,93,5.4,19:37,--
Matthew Poitras,20232024,BOS,R,C,33,5,10,15,4,6,0.45,5,14,0,1,0,0,0,1,40,12.5,13:24,43.7
Conor Sheary,20232024,TBL,L,L,57,4,11,15,-3,12,0.26,4,15,0,0,0,0,0,0,50,8,11:06,36.4
Jamie Oleksiak,20232024,SEA,L,D,82,2,13,15,-2,37,0.18,2,13,0,0,0,2,0,0,108,1.9,19:39,--
Tyson Barrie,20232024,NSH,R,D,41,1,14,15,-10,16,0.37,1,9,0,6,0,0,0,0,65,1.5,18:19,--
Zemgus Girgensons,20232024,BUF,L,C,63,8,6,14,-1,21,0.22,8,14,0,0,0,0,0,3,73,11,11:51,47.7
Klim Kostin,20232024,"DET,SJS",L,C,52,8,6,14,-12,53,0.27,8,13,0,1,0,0,0,0,43,18.6,10:55,40
Tanner Jeannot,20232024,TBL,L,L,55,7,7,14,-10,75,0.25,6,12,1,2,0,0,0,0,59,11.9,12:01,35.9
Jeremy Lauzon,20232024,NSH,L,D,79,6,8,14,-3,98,0.18,6,14,0,0,0,0,0,0,103,5.8,18:37,--
Jesper Boqvist,20232024,BOS,L,C,47,6,8,14,12,8,0.3,6,14,0,0,0,0,1,1,51,11.8,11:09,35.7
Logan Stankoven,20232024,DAL,R,C,24,6,8,14,10,4,0.58,5,12,1,2,0,0,0,0,51,11.8,14:40,64.7
Liam O'Brien,20232024,ARI,L,C,75,5,9,14,0,153,0.19,5,14,0,0,0,0,0,0,72,6.9,9:44,21.4
Justin Bailey,20232024,SJS,R,R,59,5,9,14,-15,6,0.24,5,13,0,1,0,0,0,0,70,7.1,11:17,35.3
Taylor Raddysh,20232024,CHI,R,R,73,5,9,14,-19,22,0.19,3,10,1,3,1,1,0,0,120,4.2,15:53,33.3
Hudson Fasching,20232024,NYI,R,R,45,4,10,14,-7,6,0.31,4,14,0,0,0,0,0,1,41,9.8,12:03,50
Brandon Carlo,20232024,BOS,R,D,76,4,10,14,23,42,0.18,4,14,0,0,0,0,0,1,79,5.1,19:54,--
Jacob Bernard-Docker,20232024,OTT,R,D,72,4,10,14,-7,25,0.19,4,13,0,0,0,1,0,0,51,7.8,15:42,--
Zach Bogosian,20232024,"TBL,MIN",R,D,65,3,11,14,11,63,0.22,3,13,0,0,0,1,0,1,83,3.6,17:53,--
Ryan Graves,20232024,PIT,L,D,70,3,11,14,10,30,0.2,3,14,0,0,0,0,0,1,77,3.9,18:23,--
Jordan Harris,20232024,MTL,L,D,56,3,11,14,-5,22,0.25,3,14,0,0,0,0,0,0,43,7,17:28,--
Nate Schmidt,20232024,WPG,L,D,63,2,12,14,10,16,0.22,1,10,1,4,0,0,0,1,75,2.7,16:49,--
Zach Whitecloud,20232024,VGK,R,D,61,2,12,14,-3,32,0.23,2,13,0,0,0,1,0,1,51,3.9,17:35,--
Nick Jensen,20232024,WSH,R,D,78,1,13,14,-9,10,0.18,1,14,0,0,0,0,0,0,71,1.4,19:38,--
Urho Vaakanainen,20232024,ANA,L,D,68,1,13,14,0,26,0.21,1,13,0,0,0,1,0,0,67,1.5,17:29,--
Trevor van Riemsdyk,20232024,WSH,R,D,70,0,14,14,-7,18,0.2,0,13,0,0,0,1,0,0,75,0,18:40,--
Nathan Walker,20232024,STL,L,L,45,7,6,13,-1,18,0.29,7,13,0,0,0,0,0,0,43,16.3,10:49,47.6
Boris Katchouk,20232024,"CHI,OTT",L,L,59,7,6,13,-6,12,0.22,6,12,0,0,1,1,0,0,70,10,11:29,43.6
Justin Barron,20232024,MTL,R,D,48,7,6,13,-3,16,0.27,6,12,1,1,0,0,1,1,60,11.7,18:38,--
Cody Glass,20232024,NSH,R,C,41,6,7,13,-9,20,0.32,6,12,0,1,0,0,0,1,82,7.3,13:26,46.1
Johnathan Kovacevic,20232024,MTL,R,D,62,6,7,13,11,42,0.21,6,13,0,0,0,0,0,0,46,13,16:31,--
Tanner Pearson,20232024,MTL,L,L,54,5,8,13,-12,21,0.24,4,11,1,2,0,0,0,1,77,6.5,12:56,22.7
Brandon Duhaime,20232024,"MIN,COL",L,R,80,5,8,13,-5,70,0.16,4,12,0,0,1,1,0,0,92,5.4,10:52,40
Nico Sturm,20232024,SJS,L,C,63,5,8,13,-25,12,0.21,4,12,0,0,1,1,0,0,69,7.3,14:40,60.1
Jake Bean,20232024,CBJ,L,D,72,4,9,13,-10,32,0.18,4,13,0,0,0,0,0,0,76,5.3,16:20,--
Alexander Barabanov,20232024,SJS,L,L,46,4,9,13,-24,12,0.28,4,11,0,2,0,0,0,0,67,6,15:52,40
Mason Lohrei,20232024,BOS,L,D,41,4,9,13,-2,18,0.32,3,10,1,3,0,0,0,1,43,9.3,16:57,--
Brett Pesce,20232024,CAR,R,D,70,3,10,13,10,20,0.19,3,13,0,0,0,0,1,1,107,2.8,20:17,--
Dante Fabbro,20232024,NSH,R,D,56,3,10,13,9,24,0.23,3,13,0,0,0,0,0,0,65,4.6,16:21,--
Erik Cernak,20232024,TBL,R,D,69,2,11,13,5,63,0.19,2,13,0,0,0,0,0,0,53,3.8,19:11,--
Nick Seeler,20232024,PHI,L,D,71,1,12,13,9,78,0.18,1,9,0,0,0,4,0,0,100,1,16:57,--
Colin Blackwell,20232024,CHI,R,C,44,8,4,12,-2,10,0.27,7,11,1,1,0,0,0,2,88,9.1,14:30,45.7
Carl Grundstrom,20232024,LAK,L,R,50,8,4,12,-2,12,0.24,6,10,1,1,1,1,0,1,95,8.4,10:56,20
Juuso Parssinen,20232024,NSH,L,C,44,8,4,12,-6,12,0.27,6,9,2,3,0,0,0,0,54,14.8,14:36,37.5
Marc-Edouard Vlasic,20232024,SJS,L,D,57,6,6,12,-27,26,0.21,6,12,0,0,0,0,0,1,72,8.3,16:17,--
A.J. Greer,20232024,CGY,L,L,59,6,6,12,-7,35,0.2,5,11,1,1,0,0,0,0,57,10.5,8:50,50
Noah Gregor,20232024,TOR,L,L,63,6,6,12,-7,17,0.19,4,10,1,1,1,1,0,1,110,5.5,11:24,58.3
Ryan Carpenter,20232024,SJS,R,C,62,5,7,12,-16,6,0.19,5,12,0,0,0,0,0,0,58,8.6,11:06,47.8
Derek Ryan,20232024,EDM,R,C,70,5,7,12,-3,8,0.17,3,9,0,0,2,3,0,0,52,9.6,10:12,55.8
Nathan Bastian,20232024,NJD,R,R,54,5,7,12,-10,32,0.22,5,12,0,0,0,0,0,1,57,8.8,10:10,51.9
Mathieu Olivier,20232024,CBJ,R,R,54,5,7,12,-4,70,0.22,4,11,0,0,1,1,0,1,55,9.1,11:17,25
Barclay Goodrow,20232024,NYR,L,C,80,4,8,12,-13,78,0.15,3,11,0,0,1,1,0,1,61,6.6,12:34,54
Mathew Dumba,20232024,"ARI,TBL",R,D,76,4,8,12,-18,88,0.16,4,12,0,0,0,0,0,0,86,4.7,19:44,0
Chris Tierney,20232024,NJD,L,C,52,4,8,12,3,21,0.23,4,12,0,0,0,0,0,0,26,15.4,9:02,57.2
Connor Brown,20232024,EDM,R,R,71,4,8,12,-8,10,0.17,4,12,0,0,0,0,0,0,108,3.7,12:48,41.5
Mattias Janmark,20232024,EDM,L,C,71,4,8,12,0,46,0.17,4,12,0,0,0,0,0,0,67,6,11:54,42.7
Michael Pezzetta,20232024,MTL,L,L,61,3,9,12,4,59,0.2,3,12,0,0,0,0,0,1,42,7.1,7:48,42.9
Jani Hakanp§§,20232024,DAL,R,D,64,2,10,12,10,33,0.19,2,12,0,0,0,0,0,1,56,3.6,18:39,--
Nicolas Hague,20232024,VGK,L,D,73,2,10,12,-5,43,0.16,2,12,0,0,0,0,0,1,105,1.9,18:33,--
Luke Glendening,20232024,TBL,R,C,81,10,1,11,-2,39,0.14,9,10,0,0,1,1,0,1,57,17.5,11:37,56
Thomas Bordeleau,20232024,SJS,L,C,27,6,5,11,-18,18,0.41,2,4,4,7,0,0,0,1,48,12.5,15:01,52.8
MacKenzie Entwistle,20232024,CHI,R,R,67,5,6,11,-29,47,0.16,5,11,0,0,0,0,0,1,66,7.6,11:23,43.8
Isac Lundestrom,20232024,ANA,L,C,46,5,6,11,-1,2,0.24,4,9,0,1,1,1,0,0,38,13.2,14:20,44
Jon Merrill,20232024,MIN,L,D,65,4,7,11,0,30,0.17,4,11,0,0,0,0,0,0,42,9.5,12:47,--
Tony DeAngelo,20232024,CAR,R,D,31,3,8,11,-7,24,0.35,1,5,2,6,0,0,0,0,44,6.8,14:20,--
Henry Thrun,20232024,SJS,L,D,51,3,8,11,-22,16,0.22,1,7,2,4,0,0,0,0,48,6.3,20:00,--
Ian Cole,20232024,VAN,L,D,78,2,9,11,10,61,0.14,2,11,0,0,0,0,0,0,61,3.3,18:41,--
Matthew Grzelcyk,20232024,BOS,L,D,63,2,9,11,13,37,0.17,2,11,0,0,0,0,0,0,59,3.4,17:36,--
Pierre-Olivier Joseph,20232024,PIT,L,D,52,2,9,11,-3,14,0.21,2,11,0,0,0,0,0,1,42,4.8,15:05,--
Vincent Desharnais,20232024,EDM,R,D,78,1,10,11,3,54,0.14,1,10,0,0,0,1,0,0,41,2.4,15:44,--
Kevin Bahl,20232024,NJD,L,D,82,1,10,11,1,82,0.13,1,11,0,0,0,0,0,1,63,1.6,17:24,--
John Beecher,20232024,BOS,L,C,52,7,3,10,-6,24,0.19,7,10,0,0,0,0,0,1,38,18.4,10:37,54.6
Zach Parise,20232024,COL,L,L,30,5,5,10,-7,8,0.33,5,8,0,2,0,0,0,1,50,10,12:58,30.2
Sam Gagner,20232024,EDM,R,C,28,5,5,10,-2,10,0.36,5,9,0,1,0,0,0,2,48,10.4,10:13,62.5
Phillip Di Giuseppe,20232024,VAN,L,L,51,5,5,10,-1,36,0.2,5,10,0,0,0,0,0,1,52,9.6,12:06,29.4
Mark Kastelic,20232024,OTT,R,C,63,5,5,10,-5,63,0.16,5,10,0,0,0,0,0,0,60,8.3,7:43,54.4
Calvin de Haan,20232024,TBL,L,D,59,3,7,10,-9,22,0.17,3,10,0,0,0,0,0,0,56,5.4,16:38,--
Joshua Brown,20232024,ARI,R,D,51,3,7,10,2,75,0.2,3,10,0,0,0,0,0,1,44,6.8,14:45,--
Gustav Lindstrom,20232024,"MTL,ANA",R,D,46,3,7,10,12,24,0.22,3,10,0,0,0,0,0,0,29,10.3,15:24,--
Eric Robinson,20232024,"CBJ,BUF",L,L,47,3,7,10,-3,19,0.21,3,10,0,0,0,0,0,1,61,4.9,11:20,50
Barrett Hayton,20232024,ARI,L,C,33,3,7,10,-13,26,0.3,2,8,1,2,0,0,0,0,66,4.6,17:01,49.8
Jayden Struble,20232024,MTL,L,D,56,3,7,10,-3,57,0.18,3,10,0,0,0,0,0,0,47,6.4,16:07,--
Jamie Drysdale,20232024,"ANA,PHI",R,D,34,3,7,10,-20,8,0.29,2,7,1,2,0,1,0,0,55,5.5,19:37,--
Arber Xhekaj,20232024,MTL,L,D,44,3,7,10,6,81,0.23,3,10,0,0,0,0,0,0,61,4.9,15:56,--
Sam Malinski,20232024,COL,R,D,23,3,7,10,3,6,0.43,2,8,1,2,0,0,0,1,31,9.7,14:14,--
Ben Hutton,20232024,VGK,L,D,41,2,8,10,12,17,0.24,2,9,0,1,0,0,0,0,67,3,16:15,--
Jakub Lauko,20232024,BOS,L,C,60,2,8,10,-3,32,0.17,2,10,0,0,0,0,0,0,43,4.7,9:49,43.8
Rafael Harvey-Pinard,20232024,MTL,L,L,45,2,8,10,-2,6,0.22,2,9,0,0,0,1,0,0,26,7.7,12:38,31.7
Andreas Englund,20232024,LAK,L,D,82,1,9,10,-3,81,0.12,1,10,0,0,0,0,0,0,41,2.4,13:13,--
Andrew Peeke,20232024,"CBJ,BOS",R,D,38,1,9,10,-1,14,0.26,1,9,0,0,0,1,0,0,37,2.7,16:24,--
Conor Timmins,20232024,TOR,R,D,25,1,9,10,9,18,0.4,1,8,0,2,0,0,0,0,25,4,16:01,--
Ty Emberson,20232024,SJS,R,D,30,1,9,10,-4,6,0.33,1,9,0,1,0,0,0,0,31,3.2,18:33,--
Adam Boqvist,20232024,CBJ,R,D,35,1,9,10,-8,0,0.29,1,6,0,4,0,0,0,0,45,2.2,18:17,--
David Jiricek,20232024,CBJ,R,D,43,1,9,10,-4,22,0.23,1,10,0,0,0,0,0,1,38,2.6,14:36,--
Alex Goligoski,20232024,MIN,L,D,36,0,10,10,-8,18,0.28,0,8,0,2,0,0,0,0,32,0,14:49,--
Jacob MacDonald,20232024,SJS,L,D,34,7,2,9,-14,23,0.26,4,5,3,4,0,0,0,0,49,14.3,12:01,25
Tyler Motte,20232024,TBL,L,C,69,6,3,9,-8,28,0.13,4,7,0,0,2,2,0,2,83,7.2,12:27,50.3
Patrik Laine,20232024,CBJ,R,L,18,6,3,9,-10,6,0.5,5,7,1,2,0,0,0,0,41,14.6,15:13,38
Alex Barré-Boulet,20232024,TBL,L,C,36,6,3,9,-9,10,0.25,4,7,2,2,0,0,0,0,46,13,11:11,50
Dylan Holloway,20232024,EDM,L,L,38,6,3,9,-1,29,0.24,5,8,1,1,0,0,0,0,56,10.7,11:22,57.5
Christian Dvorak,20232024,MTL,L,C,30,5,4,9,-5,4,0.3,4,8,1,1,0,0,0,0,35,14.3,15:32,57.8
Julien Gauthier,20232024,NYI,R,R,27,5,4,9,-5,8,0.33,5,9,0,0,0,0,0,1,32,15.6,10:10,37.5
Vinni Lettieri,20232024,MIN,R,C,46,5,4,9,-7,24,0.2,5,9,0,0,0,0,0,1,47,10.6,9:35,49.4
Josh Doan,20232024,ARI,R,R,11,5,4,9,6,0,0.82,5,9,0,0,0,0,0,1,23,21.7,12:19,41.7
Zack Bolduc,20232024,STL,L,C,25,5,4,9,0,6,0.36,5,9,0,0,0,0,0,0,38,13.2,12:01,50
Colin Miller,20232024,"NJD,WPG",R,D,46,4,5,9,8,26,0.2,4,8,0,1,0,0,0,0,69,5.8,15:42,--
Kyle MacLean,20232024,NYI,L,C,32,4,5,9,5,11,0.28,4,9,0,0,0,0,0,0,26,15.4,10:05,42.5
Joshua Roy,20232024,MTL,L,R,23,4,5,9,-2,0,0.39,4,9,0,0,0,0,0,0,34,11.8,12:08,28.6
Mark Giordano,20232024,TOR,L,D,46,3,6,9,10,49,0.2,3,9,0,0,0,0,0,1,59,5.1,16:37,--
Fredrik Olofsson,20232024,COL,L,L,57,3,6,9,-5,8,0.16,3,9,0,0,0,0,0,1,45,6.7,9:45,39.7
Adam Ruzicka,20232024,"CGY,ARI",L,C,42,3,6,9,-9,12,0.21,3,5,0,4,0,0,0,1,35,8.6,10:02,47
Declan Chisholm,20232024,"WPG,MIN",L,D,31,3,6,9,-7,18,0.29,1,4,2,5,0,0,0,0,29,10.3,16:32,--
Joel Kiviranta,20232024,COL,L,L,56,3,6,9,-1,12,0.16,3,9,0,0,0,0,0,0,48,6.3,9:50,28.6
Matt Coronato,20232024,CGY,R,R,34,3,6,9,-15,4,0.26,2,8,1,1,0,0,0,0,58,5.2,12:37,26.3
Andreas Athanasiou,20232024,CHI,L,C,28,2,7,9,-7,7,0.32,2,7,0,2,0,0,0,0,44,4.6,13:06,46.3
Kevin Labanc,20232024,SJS,R,R,46,2,7,9,-27,16,0.2,2,6,0,3,0,0,0,0,60,3.3,11:37,30
Sebastian Aho,20232024,NYI,L,D,58,2,7,9,-7,12,0.16,2,7,0,2,0,0,0,0,48,4.2,16:23,--
Ty Dellandrea,20232024,DAL,R,C,42,2,7,9,-10,23,0.21,2,9,0,0,0,0,0,0,53,3.8,12:40,41.5
Zac Jones,20232024,NYR,L,D,31,2,7,9,1,8,0.29,2,9,0,0,0,0,0,1,42,4.8,14:38,--
Olen Zellweger,20232024,ANA,L,D,26,2,7,9,-6,4,0.35,2,7,0,2,0,0,0,0,34,5.9,19:17,--
Jonas Siegenthaler,20232024,NJD,L,D,57,1,8,9,-7,20,0.16,1,9,0,0,0,0,0,0,63,1.6,19:20,--
Kaedan Korczak,20232024,VGK,R,D,26,1,8,9,12,8,0.35,1,8,0,1,0,0,0,0,32,3.1,16:30,--
Nikita Okhotiuk,20232024,"SJS,CGY",L,D,52,1,8,9,-24,48,0.17,1,9,0,0,0,0,0,1,52,1.9,15:55,--
Ryker Evans,20232024,SEA,L,D,36,1,8,9,-5,20,0.25,1,4,0,5,0,0,0,0,44,2.3,19:11,--
Jarred Tinordi,20232024,CHI,L,D,52,0,9,9,-27,64,0.17,0,8,0,0,0,1,0,0,32,0,15:39,--
Joshua Mahura,20232024,FLA,L,D,30,0,9,9,-2,20,0.3,0,8,0,0,0,1,0,0,25,0,12:36,--
William Carrier,20232024,VGK,L,L,39,6,2,8,3,16,0.21,6,8,0,0,0,0,0,0,65,9.2,11:10,46.7
Matt Martin,20232024,NYI,L,L,57,4,4,8,7,43,0.14,4,8,0,0,0,0,0,0,48,8.3,9:19,38.9
Cole Guttman,20232024,CHI,R,C,27,4,4,8,-17,7,0.3,2,5,2,3,0,0,0,0,50,8,12:37,50
Jesse Ylonen,20232024,MTL,R,R,59,4,4,8,2,12,0.14,4,8,0,0,0,0,0,1,50,8,10:14,55.6
Dakota Mermis,20232024,MIN,L,D,47,3,5,8,-2,33,0.17,3,8,0,0,0,0,0,0,42,7.1,14:05,--
Dryden Hunt,20232024,CGY,L,L,28,3,5,8,1,7,0.29,3,8,0,0,0,0,0,1,33,9.1,11:08,40
Oliver Kylington,20232024,CGY,L,D,33,3,5,8,-6,12,0.24,3,8,0,0,0,0,0,0,42,7.1,17:15,--
Marco Scandella,20232024,STL,L,D,65,2,6,8,2,15,0.12,1,7,0,0,1,1,0,1,42,4.8,12:28,--
Travis Boyd,20232024,ARI,R,C,16,2,6,8,3,2,0.5,2,8,0,0,0,0,0,1,12,16.7,9:37,53.5
Connor Murphy,20232024,CHI,R,D,46,2,6,8,-19,40,0.17,2,8,0,0,0,0,0,0,51,3.9,19:50,--
Kyle Burroughs,20232024,SJS,R,D,73,2,6,8,-42,71,0.11,2,7,0,1,0,0,0,1,79,2.5,19:09,--
Brendan Brisson,20232024,VGK,L,C,15,2,6,8,-5,2,0.53,1,6,1,2,0,0,0,1,20,10,12:20,50
Jacob Bryson,20232024,BUF,L,D,36,1,7,8,5,8,0.22,1,8,0,0,0,0,0,0,15,6.7,14:41,--
Parker Wotherspoon,20232024,BOS,L,D,41,0,8,8,6,31,0.2,0,8,0,0,0,0,0,0,32,0,17:43,--
Ilya Lyubushkin,20232024,"ANA,TOR",R,D,74,0,8,8,-11,57,0.11,0,8,0,0,0,0,0,0,47,0,17:07,--
Ryan Lomberg,20232024,FLA,L,L,75,5,2,7,-1,80,0.09,4,6,1,1,0,0,0,2,68,7.4,9:32,29.4
Justin Brazeau,20232024,BOS,R,R,19,5,2,7,4,2,0.37,3,5,2,2,0,0,0,1,31,16.1,11:07,30
Michael Sgarbossa,20232024,WSH,L,C,25,4,3,7,0,2,0.28,4,6,0,1,0,0,0,1,27,14.8,10:58,46
Pierre-Edouard Bellemare,20232024,SEA,L,L,40,4,3,7,4,6,0.18,3,6,0,0,1,1,0,0,36,11.1,9:50,53.5
Noel Acciari,20232024,PIT,R,C,55,4,3,7,-7,10,0.13,4,7,0,0,0,0,0,1,59,6.8,12:58,54.5
Mitchell Chaffee,20232024,TBL,R,R,30,4,3,7,2,4,0.23,4,7,0,0,0,0,0,0,27,14.8,11:17,0
Radim Zohorna,20232024,PIT,L,L,33,4,3,7,0,18,0.21,4,7,0,0,0,0,0,1,38,10.5,9:46,50
Dillon Dube,20232024,CGY,L,C,43,3,4,7,-13,8,0.16,2,6,1,1,0,0,0,0,42,7.1,11:10,53.1
David Gustafsson,20232024,WPG,L,C,39,3,4,7,1,0,0.18,3,7,0,0,0,0,0,0,27,11.1,9:16,54.6
Nils Aman,20232024,VAN,L,C,43,3,4,7,-3,8,0.16,3,7,0,0,0,0,0,0,28,10.7,10:20,45.6
Daniil Miromanov,20232024,"VGK,CGY",R,D,24,3,4,7,-2,8,0.29,3,5,0,2,0,0,0,0,46,6.5,20:43,--
Travis Dermott,20232024,ARI,L,D,50,2,5,7,-14,26,0.14,2,7,0,0,0,0,0,0,38,5.3,17:17,--
Nikita Zaitsev,20232024,CHI,R,D,38,2,5,7,-5,14,0.18,2,5,0,2,0,0,0,0,31,6.5,15:56,--
Nick DeSimone,20232024,"CGY,NJD",R,D,34,2,5,7,3,4,0.21,2,7,0,0,0,0,0,1,28,7.1,13:29,--
Brayden Pachal,20232024,"VGK,CGY",R,D,50,2,5,7,-3,51,0.14,2,6,0,0,0,1,0,0,52,3.9,14:41,--
Walker Duehr,20232024,CGY,R,R,40,2,5,7,-3,6,0.18,2,7,0,0,0,0,0,0,29,6.9,8:07,16.7
Luke Schenn,20232024,NSH,R,D,63,1,6,7,1,43,0.11,1,7,0,0,0,0,0,0,81,1.2,15:11,--
Sammy Blais,20232024,STL,L,L,53,1,6,7,-11,31,0.13,1,7,0,0,0,0,0,0,33,3,9:41,22.2
Noah Juulsen,20232024,VAN,R,D,54,1,6,7,-1,22,0.13,1,7,0,0,0,0,0,0,30,3.3,14:54,--
Dennis Gilbert,20232024,CGY,L,D,34,1,6,7,-7,16,0.21,1,7,0,0,0,0,0,0,23,4.4,12:17,--
Troy Stecher,20232024,"ARI,EDM",R,D,54,1,6,7,9,32,0.13,1,7,0,0,0,0,0,0,51,2,18:07,--
Mattias Samuelsson,20232024,BUF,L,D,41,1,6,7,4,26,0.17,1,7,0,0,0,0,0,1,44,2.3,20:30,--
Matthew Kessel,20232024,STL,R,D,39,1,6,7,0,12,0.18,1,7,0,0,0,0,0,0,28,3.6,16:48,--
Ryan Johnson,20232024,BUF,L,D,41,0,7,7,3,12,0.17,0,7,0,0,0,0,0,0,35,0,13:52,--
Wyatt Kaiser,20232024,CHI,L,D,32,0,7,7,0,22,0.22,0,7,0,0,0,0,0,0,18,0,17:19,--
Erik Johnson,20232024,"BUF,PHI",R,D,67,5,1,6,-14,26,0.09,5,6,0,0,0,0,0,1,60,8.3,14:28,--
Ryan Reaves,20232024,TOR,R,R,49,4,2,6,-13,49,0.12,4,6,0,0,0,0,0,0,26,15.4,8:07,100
Tyson Jost,20232024,BUF,L,C,43,3,3,6,-11,10,0.14,3,6,0,0,0,0,0,0,48,6.3,10:36,42.6
Travis Hamonic,20232024,OTT,R,D,48,2,4,6,-10,40,0.13,2,6,0,0,0,0,0,0,50,4,14:44,--
Carson Soucy,20232024,VAN,L,D,40,2,4,6,10,12,0.15,1,4,1,2,0,0,0,0,29,6.9,17:29,--
Tomas Nosek,20232024,NJD,L,L,36,2,4,6,-11,6,0.17,2,6,0,0,0,0,0,0,38,5.3,11:49,51.9
Jakub Vrana,20232024,STL,L,L,21,2,4,6,-7,8,0.29,2,6,0,0,0,0,0,0,42,4.8,12:08,0
Oliver Wahlstrom,20232024,NYI,R,R,32,2,4,6,-6,8,0.19,1,4,1,2,0,0,0,0,41,4.9,11:04,41.7
Jonatan Berggren,20232024,DET,L,R,12,2,4,6,-1,2,0.5,2,6,0,0,0,0,0,0,14,14.3,10:52,--
Brandt Clarke,20232024,LAK,R,D,16,2,4,6,-6,10,0.38,2,3,0,3,0,0,1,1,31,6.5,13:39,--
Ivan Miroshnichenko,20232024,WSH,R,L,21,2,4,6,-4,6,0.29,2,5,0,1,0,0,0,0,30,6.7,12:08,0
Joel Edmundson,20232024,"WSH,TOR",L,D,53,1,5,6,-2,23,0.11,1,6,0,0,0,0,0,0,46,2.2,16:40,--
Zachary Sanford,20232024,"ARI,CHI",L,L,29,0,6,6,0,6,0.21,0,5,0,1,0,0,0,0,24,0,10:50,35.3
Filip Chytil,20232024,NYR,L,C,10,0,6,6,0,4,0.6,0,5,0,1,0,0,0,0,22,0,15:56,43.3
Isaak Phillips,20232024,CHI,L,D,33,0,6,6,-26,22,0.18,0,6,0,0,0,0,0,0,31,0,17:04,--
Shane Wright,20232024,SEA,R,C,8,4,1,5,1,0,0.63,4,4,0,1,0,0,0,3,12,33.3,13:32,50.6
Brendan Lemieux,20232024,CAR,L,L,32,3,2,5,0,64,0.16,3,5,0,0,0,0,0,1,29,10.3,8:00,26.7
John Ludvig,20232024,PIT,L,D,33,3,2,5,-12,47,0.15,3,5,0,0,0,0,0,1,24,12.5,11:48,--
Axel Jonsson-Fjallby,20232024,WPG,L,L,26,2,3,5,6,0,0.19,2,5,0,0,0,0,0,1,23,8.7,8:07,50
Reese Johnson,20232024,CHI,R,C,42,2,3,5,-20,40,0.12,2,5,0,0,0,0,0,0,51,3.9,10:56,51.9
Jake Lucchini,20232024,MIN,L,C,40,2,3,5,-3,23,0.13,2,5,0,0,0,0,0,0,22,9.1,9:36,43.7
Samuel Bolduc,20232024,NYI,L,D,34,2,3,5,-4,6,0.15,1,4,1,1,0,0,0,0,32,6.3,13:09,--
Marc Staal,20232024,PHI,L,D,35,1,4,5,2,14,0.14,1,5,0,0,0,0,0,0,20,5,13:49,--
Nick Bonino,20232024,NYR,L,C,45,1,4,5,-12,8,0.11,1,5,0,0,0,0,0,0,31,3.2,12:15,51
Dominic Toninato,20232024,WPG,L,C,15,1,4,5,7,6,0.33,1,5,0,0,0,0,0,1,12,8.3,10:11,47.7
Joel Hanley,20232024,"DAL,CGY",L,D,42,1,4,5,3,30,0.12,1,5,0,0,0,0,0,0,19,5.3,13:54,--
Haydn Fleury,20232024,TBL,L,D,24,1,4,5,5,20,0.21,1,5,0,0,0,0,0,0,25,4,16:07,--
Matthew Phillips,20232024,"WSH,PIT,WSH",R,R,31,1,4,5,-3,0,0.16,1,5,0,0,0,0,0,0,21,4.8,10:11,33.3
Olle Lycksell,20232024,PHI,L,R,18,1,4,5,0,6,0.28,1,5,0,0,0,0,0,0,29,3.5,9:57,40
Simon Benoit,20232024,TOR,L,D,64,1,4,5,7,56,0.08,1,5,0,0,0,0,0,0,52,1.9,17:14,--
Jared Spurgeon,20232024,MIN,R,D,16,0,5,5,5,2,0.31,0,2,0,3,0,0,0,0,21,0,23:20,--
Justin Holl,20232024,DET,R,D,38,0,5,5,8,22,0.13,0,5,0,0,0,0,0,0,14,0,15:05,--
John Klingberg,20232024,TOR,R,D,14,0,5,5,-7,8,0.36,0,3,0,2,0,0,0,0,14,0,20:33,--
Scott Mayfield,20232024,NYI,R,D,41,0,5,5,-7,35,0.12,0,5,0,0,0,0,0,0,36,0,18:46,--
Caleb Jones,20232024,COL,L,D,25,0,5,5,4,8,0.2,0,5,0,0,0,0,0,0,19,0,12:12,--
Emil Lilleberg,20232024,TBL,L,D,37,0,5,5,-15,16,0.14,0,5,0,0,0,0,0,0,31,0,16:12,--
Max Willman,20232024,NJD,L,C,18,3,1,4,1,2,0.22,3,4,0,0,0,0,0,1,17,17.7,8:20,33.3
Kevin Rooney,20232024,CGY,L,C,33,3,1,4,-4,2,0.12,3,4,0,0,0,0,0,0,27,11.1,11:13,46.6
Jesse Puljujarvi,20232024,PIT,R,R,22,3,1,4,2,6,0.18,3,4,0,0,0,0,0,0,29,10.3,9:11,16.7
Akil Thomas,20232024,LAK,R,C,7,3,1,4,0,2,0.57,3,4,0,0,0,0,0,1,9,33.3,8:44,40
Mason Morelli,20232024,VGK,L,L,9,3,1,4,-3,0,0.44,2,3,1,1,0,0,0,0,9,33.3,10:45,33.3
Austin Watson,20232024,TBL,R,L,33,2,2,4,2,93,0.12,2,4,0,0,0,0,0,0,17,11.8,7:16,0
Taylor Hall,20232024,CHI,L,L,10,2,2,4,-3,4,0.4,2,3,0,1,0,0,0,1,20,10,16:20,66.7
Brendan Gaunce,20232024,CBJ,L,C,24,2,2,4,-7,6,0.17,2,4,0,0,0,0,0,0,24,8.3,11:45,53.9
Louie Belpedio,20232024,PHI,R,D,12,2,2,4,6,0,0.33,2,4,0,0,0,0,0,1,12,16.7,13:12,--
Jonah Gadjovich,20232024,FLA,L,L,39,2,2,4,0,104,0.1,2,4,0,0,0,0,0,0,29,6.9,7:26,--
Spencer Stastney,20232024,NSH,L,D,20,2,2,4,9,4,0.2,2,4,0,0,0,0,0,1,11,18.2,15:59,--
James Malatesta,20232024,CBJ,L,L,11,2,2,4,-1,5,0.36,2,4,0,0,0,0,0,0,12,16.7,10:13,0
Nicolas Deslauriers,20232024,PHI,L,L,60,1,3,4,-7,89,0.07,1,4,0,0,0,0,0,0,49,2,8:09,38.5
Tyler Pitlick,20232024,NYR,R,C,34,1,3,4,-6,4,0.12,1,4,0,0,0,0,0,0,32,3.1,10:12,17.7
Matt Nieto,20232024,PIT,L,L,22,1,3,4,5,4,0.18,1,4,0,0,0,0,0,0,13,7.7,11:37,--
Devin Shore,20232024,SEA,L,C,21,1,3,4,3,4,0.19,1,4,0,0,0,0,0,0,15,6.7,8:00,50
Chad Ruhwedel,20232024,"PIT,NYR",R,D,52,1,3,4,-6,4,0.08,1,4,0,0,0,0,0,0,35,2.9,12:42,--
Rasmus Ristolainen,20232024,PHI,R,D,31,1,3,4,-6,8,0.13,1,4,0,0,0,0,0,0,46,2.2,16:41,--
Ross Johnston,20232024,ANA,L,L,68,1,3,4,-12,117,0.06,1,4,0,0,0,0,0,0,44,2.3,8:12,50
Ethan Bear,20232024,WSH,R,D,24,1,3,4,-5,10,0.17,1,4,0,0,0,0,0,1,24,4.2,14:54,--
Givani Smith,20232024,SJS,L,R,36,1,3,4,-13,40,0.11,1,4,0,0,0,0,0,0,31,3.2,7:49,40
Jaret Anderson-Dolan,20232024,"LAK,NSH",L,C,31,1,3,4,-5,6,0.13,0,3,0,0,1,1,0,0,31,3.2,11:03,41.7
Alex Turcotte,20232024,LAK,L,C,20,1,3,4,5,6,0.2,1,4,0,0,0,0,0,0,14,7.1,9:17,50
Vladislav Kolyachonok,20232024,ARI,L,D,5,1,3,4,5,2,0.8,1,4,0,0,0,0,0,0,5,20,12:28,--
Landon Slaggert,20232024,CHI,L,L,16,1,3,4,1,4,0.25,1,4,0,0,0,0,0,0,14,7.1,11:16,0
Marat Khusnutdinov,20232024,MIN,L,C,16,1,3,4,-3,6,0.25,0,3,1,1,0,0,0,0,6,16.7,13:07,47.6
Derek Forbort,20232024,BOS,L,D,35,0,4,4,8,17,0.11,0,4,0,0,0,0,0,0,22,0,17:48,--
William Lagesson,20232024,"TOR,ANA",L,D,40,0,4,4,3,32,0.1,0,4,0,0,0,0,0,0,19,0,14:48,--
Jansen Harkins,20232024,PIT,L,C,45,0,4,4,-4,21,0.09,0,4,0,0,0,0,0,0,37,0,8:12,100
Kurtis MacDermid,20232024,"COL,NJD",L,L,45,2,1,3,4,73,0.07,2,3,0,0,0,0,0,1,16,12.5,4:50,100
Rourke Chartier,20232024,OTT,L,C,37,2,1,3,-4,14,0.08,2,3,0,0,0,0,0,1,40,5,10:46,52
Mitchell Stephens,20232024,MTL,R,C,23,2,1,3,2,4,0.13,2,3,0,0,0,0,0,0,16,12.5,9:03,55.6
Zack MacEwen,20232024,OTT,R,R,30,2,1,3,-4,57,0.1,2,3,0,0,0,0,0,1,17,11.8,6:24,61.8
Trey Fix-Wolansky,20232024,CBJ,R,R,11,2,1,3,0,2,0.27,2,3,0,0,0,0,0,0,17,11.8,10:59,0
James Hamblin,20232024,EDM,L,L,31,2,1,3,3,0,0.1,2,3,0,0,0,0,0,0,18,11.1,7:55,50.6
Sheldon Rempal,20232024,VGK,R,R,9,2,1,3,-2,4,0.33,1,2,1,1,0,0,0,0,16,12.5,9:58,--
Angus Crookshank,20232024,OTT,L,L,13,2,1,3,-3,4,0.23,2,3,0,0,0,0,0,1,20,10,10:07,--
Brock McGinn,20232024,ANA,L,L,24,1,2,3,-5,4,0.13,1,3,0,0,0,0,0,0,24,4.2,11:05,41.7
Vinnie Hinostroza,20232024,PIT,R,C,14,1,2,3,-3,4,0.21,1,3,0,0,0,0,0,0,27,3.7,9:45,40
Anthony Richard,20232024,BOS,L,C,9,1,2,3,0,2,0.33,1,3,0,0,0,0,0,0,6,16.7,10:36,0
Steven Lorentz,20232024,FLA,L,C,38,1,2,3,-9,10,0.08,1,3,0,0,0,0,0,1,30,3.3,8:47,48.9
Mason Shaw,20232024,MIN,L,C,20,1,2,3,0,34,0.15,1,3,0,0,0,0,0,0,21,4.8,8:11,87.5
Jonas Rondbjerg,20232024,VGK,L,R,20,1,2,3,2,0,0.15,1,3,0,0,0,0,0,0,25,4,11:17,0
Alexander Alexeyev,20232024,WSH,L,D,39,1,2,3,-8,6,0.08,1,3,0,0,0,0,0,0,20,5,13:42,--
Jakob Pelletier,20232024,CGY,L,L,13,1,2,3,1,2,0.23,1,3,0,0,0,0,0,1,9,11.1,9:16,50
Tristan Luneau,20232024,ANA,R,D,7,1,2,3,1,4,0.43,1,3,0,0,0,0,0,0,11,9.1,17:52,--
Ben Meyers,20232024,"COL,ANA",L,C,23,1,2,3,-4,6,0.13,1,3,0,0,0,0,0,0,12,8.3,10:07,44.8
Uvis Balinskis,20232024,FLA,L,D,26,1,2,3,0,8,0.12,1,3,0,0,0,0,0,0,22,4.6,14:06,--
Liam Foudy,20232024,"CBJ,NSH",L,C,13,0,3,3,-2,2,0.23,0,3,0,0,0,0,0,0,7,0,9:59,--
Marc Del Gaizo,20232024,NSH,L,D,9,0,3,3,2,2,0.33,0,3,0,0,0,0,0,0,8,0,16:28,--
Louis Crevier,20232024,CHI,R,D,24,0,3,3,-16,4,0.13,0,3,0,0,0,0,0,0,18,0,15:41,--
Ilya Solovyov,20232024,CGY,L,D,10,0,3,3,-3,4,0.3,0,2,0,0,0,1,0,0,10,0,15:54,--
Adam Edstrom,20232024,NYR,L,C,11,2,0,2,2,2,0.18,2,2,0,0,0,0,0,0,7,28.6,8:25,--
Brandon Biro,20232024,BUF,L,L,5,2,0,2,0,0,0.4,2,2,0,0,0,0,0,0,2,100,10:51,47.8
Chris Wagner,20232024,COL,R,R,13,1,1,2,3,9,0.15,1,2,0,0,0,0,0,0,16,6.3,7:27,58.1
Adam Erne,20232024,EDM,L,L,24,1,1,2,0,9,0.08,1,2,0,0,0,0,0,0,13,7.7,7:49,44.4
Denis Gurianov,20232024,"NSH,PHI",L,R,18,1,1,2,4,0,0.11,1,2,0,0,0,0,0,0,26,3.9,12:13,--
Riley Tufte,20232024,COL,L,L,5,1,1,2,-2,2,0.4,1,2,0,0,0,0,0,1,7,14.3,11:07,50
Logan Stanley,20232024,WPG,L,D,25,1,1,2,4,36,0.08,1,2,0,0,0,0,0,0,29,3.5,13:46,--
Carson Meyer,20232024,CBJ,R,R,14,1,1,2,-2,2,0.14,1,2,0,0,0,0,0,0,10,10,9:07,--
Tyler Tucker,20232024,STL,L,D,26,1,1,2,1,42,0.08,1,2,0,0,0,0,0,0,17,5.9,12:27,--
Danil Gushchin,20232024,SJS,L,L,4,1,1,2,-2,0,0.5,1,2,0,0,0,0,0,0,4,25,14:41,0
Vasily Ponomarev,20232024,CAR,L,C,2,1,1,2,1,0,1,1,2,0,0,0,0,0,0,1,100,9:41,55.6
Matt Rempe,20232024,NYR,R,C,17,1,1,2,1,71,0.12,1,2,0,0,0,0,0,1,12,8.3,5:38,50
Simon Edvinsson,20232024,DET,L,D,16,1,1,2,0,4,0.13,1,2,0,0,0,0,0,0,13,7.7,18:15,--
Liam Ohgren,20232024,MIN,L,L,4,1,1,2,0,0,0.5,1,2,0,0,0,0,0,1,8,12.5,14:31,0
Jiri Smejkal,20232024,OTT,L,L,20,1,1,2,-6,4,0.1,1,2,0,0,0,0,0,0,10,10,9:29,40.7
Milan Lucic,20232024,BOS,L,L,4,0,2,2,-1,2,0.5,0,2,0,0,0,0,0,0,1,0,11:58,--
Matt Benning,20232024,SJS,R,D,14,0,2,2,-5,14,0.14,0,2,0,0,0,0,0,0,13,0,18:29,--
Jaycob Megna,20232024,CHI,L,D,44,0,2,2,-15,22,0.05,0,2,0,0,0,0,0,0,28,0,17:31,--
Nic Petan,20232024,MIN,L,C,6,0,2,2,-2,2,0.33,0,1,0,1,0,0,0,0,11,0,10:50,40
Jordan Oesterle,20232024,CGY,L,D,22,0,2,2,-6,4,0.09,0,2,0,0,0,0,0,0,18,0,13:31,--
Matthew Highmore,20232024,OTT,L,C,7,0,2,2,0,0,0.29,0,2,0,0,0,0,0,0,1,0,7:43,50
Ian Mitchell,20232024,BOS,R,D,13,0,2,2,6,10,0.15,0,2,0,0,0,0,0,0,11,0,15:18,--
Bo Groulx,20232024,ANA,L,C,45,0,2,2,-9,22,0.04,0,2,0,0,0,0,0,0,32,0,12:11,44
Cole Koepke,20232024,TBL,L,L,9,0,2,2,0,0,0.22,0,2,0,0,0,0,0,0,9,0,6:42,--
Jake Christiansen,20232024,CBJ,L,D,12,0,2,2,-5,2,0.17,0,2,0,0,0,0,0,0,7,0,13:13,--
Ronnie Attard,20232024,PHI,R,D,12,0,2,2,1,6,0.17,0,2,0,0,0,0,0,0,14,0,15:23,--
Kirby Dach,20232024,MTL,R,C,2,0,2,2,2,0,1,0,2,0,0,0,0,0,0,3,0,13:01,37.5
Nikita Alexandrov,20232024,STL,L,C,23,0,2,2,-4,4,0.09,0,2,0,0,0,0,0,0,15,0,8:32,40.7
Adam Beckman,20232024,MIN,L,L,11,0,2,2,-2,12,0.18,0,2,0,0,0,0,0,0,10,0,9:24,--
Philip Broberg,20232024,EDM,L,D,12,0,2,2,-3,0,0.17,0,1,0,1,0,0,0,0,6,0,11:37,--
Vasily Podkolzin,20232024,VAN,L,R,19,0,2,2,-4,8,0.11,0,2,0,0,0,0,0,0,20,0,10:49,37.5
Santeri Hatakka,20232024,NJD,L,D,12,0,2,2,5,4,0.17,0,2,0,0,0,0,0,0,12,0,14:39,--
Maxwell Crozier,20232024,TBL,R,D,13,0,2,2,-2,7,0.15,0,2,0,0,0,0,0,0,13,0,12:56,--
Lukas Rousek,20232024,BUF,L,R,15,0,2,2,-1,0,0.13,0,2,0,0,0,0,0,0,4,0,10:38,100
Mikael Pyyhtia,20232024,CBJ,L,L,17,0,2,2,-5,0,0.12,0,2,0,0,0,0,0,0,22,0,13:09,25
Lane Hutson,20232024,MTL,L,D,2,0,2,2,-2,0,1,0,2,0,0,0,0,0,0,3,0,22:43,--
Collin Graf,20232024,SJS,R,R,7,0,2,2,-4,0,0.29,0,1,0,1,0,0,0,0,7,0,16:36,--
Justin Dowling,20232024,NJD,L,C,2,1,0,1,-2,0,0.5,1,1,0,0,0,0,0,0,3,33.3,10:32,30.8
Ryan Shea,20232024,PIT,L,D,31,1,0,1,1,6,0.03,1,1,0,0,0,0,0,0,17,5.9,12:37,--
Brandon Gignac,20232024,MTL,L,C,7,1,0,1,-3,0,0.14,1,1,0,0,0,0,0,0,7,14.3,11:39,45.3
Jacob Moverare,20232024,LAK,L,D,24,1,0,1,0,6,0.04,1,1,0,0,0,0,0,0,11,9.1,10:27,--
Oskar Steen,20232024,BOS,R,C,34,1,0,1,-2,4,0.03,1,1,0,0,0,0,0,0,24,4.2,9:04,0
Jack Studnicka,20232024,"VAN,SJS",R,C,22,1,0,1,-12,6,0.05,1,1,0,0,0,0,0,0,20,5,11:27,39.9
Jonathan Gruden,20232024,PIT,L,C,13,1,0,1,-2,5,0.08,1,1,0,0,0,0,0,0,9,11.1,8:40,33.3
Adam Ginning,20232024,PHI,L,D,9,1,0,1,0,0,0.11,1,1,0,0,0,0,0,0,6,16.7,14:09,--
John Leonard,20232024,ARI,L,L,6,1,0,1,-1,0,0.17,1,1,0,0,0,0,0,0,5,20,6:52,--
Samuel Fagemo,20232024,"NSH,LAK",R,L,8,1,0,1,-1,0,0.13,0,0,1,1,0,0,0,0,13,7.7,9:11,0
Nolan Foote,20232024,NJD,L,L,4,1,0,1,-1,0,0.25,1,1,0,0,0,0,0,0,6,16.7,10:06,0
Nikita Nesterenko,20232024,ANA,L,C,3,1,0,1,0,0,0.33,1,1,0,0,0,0,0,0,7,14.3,11:31,--
Sam Colangelo,20232024,ANA,R,R,3,1,0,1,0,2,0.33,1,1,0,0,0,0,0,0,7,14.3,12:33,--
Jean-Luc Foudy,20232024,COL,R,C,4,1,0,1,1,0,0.25,1,1,0,0,0,0,0,0,2,50,6:26,--
Nikita Chibrikov,20232024,WPG,L,R,1,1,0,1,0,0,1,1,1,0,0,0,0,0,1,3,33.3,11:03,--
Marc McLaughlin,20232024,BOS,R,C,1,1,0,1,1,0,1,1,1,0,0,0,0,0,0,2,50,12:39,25
Luca Del Bel Belluz,20232024,CBJ,L,C,1,1,0,1,1,0,1,1,1,0,0,0,0,0,0,2,50,9:35,40
Frank Nazar,20232024,CHI,R,C,3,1,0,1,-4,0,0.33,1,1,0,0,0,0,0,0,2,50,16:09,31.8
Nick Blankenburg,20232024,CBJ,R,D,12,1,0,1,1,4,0.08,1,1,0,0,0,0,0,0,10,10,16:13,--
Adam Klapka,20232024,CGY,R,R,6,1,0,1,-1,19,0.17,1,1,0,0,0,0,0,0,4,25,6:46,0
Jason Polin,20232024,COL,R,R,7,1,0,1,1,2,0.14,1,1,0,0,0,0,0,0,6,16.7,7:25,50
Waltteri Merela,20232024,TBL,R,C,19,1,0,1,2,4,0.05,1,1,0,0,0,0,0,0,17,5.9,9:49,25
Nicklas Backstrom,20232024,WSH,L,C,8,0,1,1,-3,2,0.13,0,1,0,0,0,0,0,0,12,0,14:34,52.4
Logan Couture,20232024,SJS,L,C,6,0,1,1,0,4,0.17,0,1,0,0,0,0,0,0,7,0,18:45,47.9
Byron Froese,20232024,VGK,R,C,16,0,1,1,-2,4,0.06,0,1,0,0,0,0,0,0,17,0,10:40,55.7
Dylan McIlrath,20232024,WSH,R,D,3,0,1,1,1,5,0.33,0,1,0,0,0,0,0,0,1,0,10:18,--
Mackenzie MacEachern,20232024,STL,L,L,8,0,1,1,-1,0,0.13,0,1,0,0,0,0,0,0,4,0,7:52,--
Patrick Brown,20232024,BOS,R,C,11,0,1,1,-3,2,0.09,0,1,0,0,0,0,0,0,7,0,8:50,45.5
Mark Friedman,20232024,VAN,R,D,23,0,1,1,4,21,0.04,0,1,0,0,0,0,0,0,16,0,12:14,--
Austin Czarnik,20232024,DET,R,C,34,0,1,1,-3,12,0.03,0,1,0,0,0,0,0,0,24,0,8:26,49
Maxime Lajoie,20232024,TOR,L,D,7,0,1,1,1,0,0.14,0,0,0,1,0,0,0,0,1,0,12:43,--
Lucas Johansen,20232024,WSH,L,D,6,0,1,1,1,4,0.17,0,1,0,0,0,0,0,0,4,0,14:16,--
Kale Clague,20232024,BUF,L,D,3,0,1,1,0,2,0.33,0,1,0,0,0,0,0,0,2,0,12:16,--
William Lockwood,20232024,FLA,R,R,26,0,1,1,2,16,0.04,0,1,0,0,0,0,0,0,19,0,8:12,50
Hardy Haman Aktell,20232024,WSH,L,D,6,0,1,1,-2,2,0.17,0,1,0,0,0,0,0,0,5,0,10:38,--
Cal Foote,20232024,NJD,R,D,4,0,1,1,3,16,0.25,0,1,0,0,0,0,0,0,0,--,14:46,--
Maxime Comtois,20232024,CAR,L,L,1,0,1,1,0,0,1,0,1,0,0,0,0,0,0,1,0,13:04,--
Calle Rosen,20232024,STL,L,D,6,0,1,1,-1,2,0.17,0,1,0,0,0,0,0,0,5,0,12:40,--
Rasmus Kupari,20232024,WPG,R,C,28,0,1,1,-5,4,0.04,0,1,0,0,0,0,0,0,28,0,9:08,46.7
Jan Jenik,20232024,ARI,L,C,5,0,1,1,-1,5,0.2,0,1,0,0,0,0,0,0,2,0,8:23,46.7
Ruslan Iskhakov,20232024,NYI,L,C,1,0,1,1,0,0,1,0,0,0,1,0,0,0,0,2,0,14:11,--
Jack St. Ivany,20232024,PIT,R,D,14,0,1,1,0,2,0.07,0,1,0,0,0,0,0,0,11,0,13:42,--
Aku Raty,20232024,ARI,R,R,1,0,1,1,0,0,1,0,1,0,0,0,0,0,0,0,--,11:45,--
Nikolai Knyzhov,20232024,SJS,L,D,10,0,1,1,-6,6,0.1,0,1,0,0,0,0,0,0,6,0,17:39,--
Daemon Hunt,20232024,MIN,L,D,12,0,1,1,-1,0,0.08,0,1,0,0,0,0,0,0,7,0,11:30,--
Tyler Kleven,20232024,OTT,L,D,9,0,1,1,-1,2,0.11,0,1,0,0,0,0,0,0,7,0,12:39,--
Lukas Cormier,20232024,VGK,L,D,2,0,1,1,1,0,0.5,0,0,0,1,0,0,0,0,3,0,17:17,--
Roby Jarventie,20232024,OTT,L,L,7,0,1,1,-5,4,0.14,0,1,0,0,0,0,0,0,5,0,7:31,31.4
Shakir Mukhamadullin,20232024,SJS,L,D,3,0,1,1,0,4,0.33,0,0,0,1,0,0,0,0,5,0,21:09,--
Logan Mailloux,20232024,MTL,R,D,1,0,1,1,1,0,1,0,1,0,0,0,0,0,0,2,0,21:14,--
Cutter Gauthier,20232024,ANA,L,L,1,0,1,1,1,0,1,0,1,0,0,0,0,0,0,3,0,15:24,0
Brad Lambert,20232024,WPG,R,C,1,0,1,1,1,0,1,0,1,0,0,0,0,0,0,2,0,13:51,42.9
Milos Kelemen,20232024,ARI,L,L,10,0,1,1,-2,0,0.1,0,1,0,0,0,0,0,0,5,0,7:41,25
Riley Nash,20232024,NYR,R,C,1,0,0,0,0,0,0,0,0,0,0,0,0,0,0,1,0,11:05,50
Robert Bortuzzo,20232024,"STL,NYI",R,D,27,0,0,0,0,27,0,0,0,0,0,0,0,0,0,11,0,13:44,--
Alexander Petrovic,20232024,DAL,R,D,1,0,0,0,-1,0,0,0,0,0,0,0,0,0,0,2,0,12:52,--
Max McCormick,20232024,SEA,L,L,1,0,0,0,0,0,0,0,0,0,0,0,0,0,0,0,--,5:38,--
Derrick Pouliot,20232024,DAL,L,D,5,0,0,0,-1,0,0,0,0,0,0,0,0,0,0,5,0,12:08,--
Jujhar Khaira,20232024,MIN,L,L,1,0,0,0,0,0,0,0,0,0,0,0,0,0,0,1,0,8:05,0
Jayson Megna,20232024,BOS,R,C,1,0,0,0,0,0,0,0,0,0,0,0,0,0,0,0,--,11:45,--
Scott Sabourin,20232024,SJS,R,R,3,0,0,0,0,9,0,0,0,0,0,0,0,0,0,3,0,9:17,0
Anton Blidh,20232024,NYR,L,L,1,0,0,0,-1,2,0,0,0,0,0,0,0,0,0,1,0,5:21,--
John Hayden,20232024,SEA,R,C,2,0,0,0,-1,0,0,0,0,0,0,0,0,0,0,1,0,6:44,50
Robert Hagg,20232024,ANA,L,D,5,0,0,0,-4,4,0,0,0,0,0,0,0,0,0,6,0,12:47,--
Gustav Olofsson,20232024,SEA,L,D,1,0,0,0,0,0,0,0,0,0,0,0,0,0,0,0,--,14:57,--
Justin Kirkland,20232024,ARI,L,C,2,0,0,0,0,0,0,0,0,0,0,0,0,0,0,1,0,7:14,66.7
Oskar Lindblom,20232024,SJS,L,L,1,0,0,0,-1,0,0,0,0,0,0,0,0,0,0,0,--,11:56,--
Bokondji Imama,20232024,OTT,L,L,6,0,0,0,1,7,0,0,0,0,0,0,0,0,0,1,0,5:35,--
Colin White,20232024,"PIT,MTL",R,C,28,0,0,0,-5,4,0,0,0,0,0,0,0,0,0,16,0,9:31,38.4
Glenn Gawdin,20232024,ANA,R,C,1,0,0,0,-1,2,0,0,0,0,0,0,0,0,0,0,--,7:35,40
Adam Gaudette,20232024,STL,R,R,2,0,0,0,0,4,0,0,0,0,0,0,0,0,0,0,--,9:48,--
Brett Seney,20232024,CHI,L,L,4,0,0,0,0,6,0,0,0,0,0,0,0,0,0,1,0,10:21,33.3
Samuel Laberge,20232024,NJD,L,L,2,0,0,0,0,0,0,0,0,0,0,0,0,0,0,0,--,3:06,--
Philippe Myers,20232024,TBL,R,D,5,0,0,0,-2,2,0,0,0,0,0,0,0,0,0,6,0,11:42,--
Andrew Poturalski,20232024,SEA,R,C,2,0,0,0,-1,0,0,0,0,0,0,0,0,0,0,0,--,6:53,100
Victor Mete,20232024,PHI,L,D,1,0,0,0,0,0,0,0,0,0,0,0,0,0,0,0,--,10:52,--
Brett Murray,20232024,BUF,L,L,2,0,0,0,-1,2,0,0,0,0,0,0,0,0,0,1,0,7:58,100
Rem Pitlick,20232024,CHI,L,C,9,0,0,0,-7,2,0,0,0,0,0,0,0,0,0,13,0,15:35,50
Joona Koppanen,20232024,PIT,L,L,4,0,0,0,0,0,0,0,0,0,0,0,0,0,0,4,0,7:49,20
Rhett Gardner,20232024,PHI,L,C,1,0,0,0,0,0,0,0,0,0,0,0,0,0,0,0,--,7:28,100
Dylan Coghlan,20232024,CAR,R,D,1,0,0,0,-2,0,0,0,0,0,0,0,0,0,0,3,0,17:59,--
Zach Aston-Reese,20232024,DET,L,C,3,0,0,0,0,2,0,0,0,0,0,0,0,0,0,1,0,5:09,--
Cale Fleury,20232024,SEA,R,D,1,0,0,0,1,0,0,0,0,0,0,0,0,0,0,1,0,13:30,--
Kole Lind,20232024,SEA,R,R,1,0,0,0,0,0,0,0,0,0,0,0,0,0,0,0,--,5:59,0
Jake Leschyshyn,20232024,NYR,L,C,1,0,0,0,-1,0,0,0,0,0,0,0,0,0,0,0,--,6:28,--
Shane Bowers,20232024,NJD,L,C,8,0,0,0,1,0,0,0,0,0,0,0,0,0,0,7,0,9:27,31.8
Cameron Crotty,20232024,ARI,R,D,1,0,0,0,-1,0,0,0,0,0,0,0,0,0,0,0,--,10:03,--
Jacob Peterson,20232024,SJS,L,C,6,0,0,0,-3,2,0,0,0,0,0,0,0,0,0,3,0,13:15,31.3
Marián Studenic,20232024,SEA,L,R,2,0,0,0,-1,2,0,0,0,0,0,0,0,0,0,1,0,8:07,--
Sammy Walker,20232024,MIN,R,C,4,0,0,0,-3,0,0,0,0,0,0,0,0,0,0,3,0,9:22,0
Philip Kemp,20232024,EDM,R,D,1,0,0,0,0,0,0,0,0,0,0,0,0,0,0,0,--,2:03,--
Grant Hutton,20232024,NYI,R,D,2,0,0,0,1,0,0,0,0,0,0,0,0,0,0,0,--,8:46,--
Grigori Denisenko,20232024,VGK,R,L,6,0,0,0,-3,2,0,0,0,0,0,0,0,0,0,5,0,10:51,--
Linus Karlsson,20232024,VAN,R,C,4,0,0,0,0,0,0,0,0,0,0,0,0,0,0,4,0,10:09,22.2
Hugh McGing,20232024,STL,L,L,5,0,0,0,-5,0,0,0,0,0,0,0,0,0,0,4,0,8:23,14.3
Joe Snively,20232024,WSH,L,C,3,0,0,0,-1,0,0,0,0,0,0,0,0,0,0,0,--,8:21,--
Raphael Lavoie,20232024,EDM,R,C,7,0,0,0,-2,2,0,0,0,0,0,0,0,0,0,4,0,7:17,0
Graeme Clarke,20232024,NJD,R,R,3,0,0,0,-2,2,0,0,0,0,0,0,0,0,0,2,0,11:23,0
Egor Afanasyev,20232024,NSH,L,L,2,0,0,0,-1,0,0,0,0,0,0,0,0,0,0,5,0,13:00,--
Sam Poulin,20232024,PIT,L,R,3,0,0,0,-1,2,0,0,0,0,0,0,0,0,0,2,0,7:47,41.7
Victor Soderstrom,20232024,ARI,R,D,3,0,0,0,-1,0,0,0,0,0,0,0,0,0,0,1,0,15:11,--
Tobias Bjornfot,20232024,"LAK,VGK,FLA",L,D,4,0,0,0,-2,2,0,0,0,0,0,0,0,0,0,1,0,13:49,--
Cole Schwindt,20232024,CGY,R,R,4,0,0,0,-1,2,0,0,0,0,0,0,0,0,0,1,0,6:48,75
Maxence Guenette,20232024,OTT,R,D,7,0,0,0,-1,2,0,0,0,0,0,0,0,0,0,6,0,13:47,--
Tyler Angle,20232024,CBJ,L,C,2,0,0,0,-1,0,0,0,0,0,0,0,0,0,0,0,--,8:20,33.3
Connor Mackey,20232024,NYR,L,D,1,0,0,0,1,5,0,0,0,0,0,0,0,0,0,1,0,16:27,--
Justin Sourdif,20232024,FLA,R,R,3,0,0,0,0,0,0,0,0,0,0,0,0,0,0,2,0,8:50,--
Emil Andrae,20232024,PHI,L,D,4,0,0,0,-1,0,0,0,0,0,0,0,0,0,0,0,--,13:00,--
Jack Thompson,20232024,"TBL,SJS",R,D,3,0,0,0,-2,0,0,0,0,0,0,0,0,0,0,4,0,15:40,--
Mavrik Bourque,20232024,DAL,R,C,1,0,0,0,0,0,0,0,0,0,0,0,0,0,0,2,0,10:56,33.3
Yan Kuznetsov,20232024,CGY,L,D,1,0,0,0,-1,0,0,0,0,0,0,0,0,0,0,2,0,11:58,--
Adam Raska,20232024,MIN,R,R,5,0,0,0,0,0,0,0,0,0,0,0,0,0,0,0,--,6:49,--
Gage Goncalves,20232024,TBL,L,C,2,0,0,0,0,6,0,0,0,0,0,0,0,0,0,0,--,9:58,0
Callahan Burke,20232024,CAR,R,C,1,0,0,0,0,0,0,0,0,0,0,0,0,0,0,0,--,7:06,--
Emil Heineman,20232024,MTL,L,L,4,0,0,0,2,0,0,0,0,0,0,0,0,0,0,0,--,9:57,0
Alex Steeves,20232024,TOR,L,C,1,0,0,0,-1,0,0,0,0,0,0,0,0,0,0,1,0,10:14,--
Scott Morrow,20232024,CAR,R,D,2,0,0,0,-3,0,0,0,0,0,0,0,0,0,0,6,0,18:23,--
Oskar Olausson,20232024,COL,L,R,1,0,0,0,0,0,0,0,0,0,0,0,0,0,0,2,0,11:50,--
Mackie Samoskevich,20232024,FLA,R,R,7,0,0,0,-3,0,0,0,0,0,0,0,0,0,0,11,0,12:02,0
Brennan Othmann,20232024,NYR,L,L,3,0,0,0,0,0,0,0,0,0,0,0,0,0,0,6,0,9:05,--
Ryan Winterton,20232024,SEA,R,C,9,0,0,0,-1,0,0,0,0,0,0,0,0,0,0,10,0,9:20,0
Isak Rosen,20232024,BUF,L,R,7,0,0,0,-3,0,0,0,0,0,0,0,0,0,0,8,0,8:35,16.7
Zach Dean,20232024,STL,L,C,9,0,0,0,-4,6,0,0,0,0,0,0,0,0,0,10,0,10:33,50
Ethan Del Mastro,20232024,CHI,L,D,2,0,0,0,0,0,0,0,0,0,0,0,0,0,0,0,--,18:35,--
Jackson Blake,20232024,CAR,R,R,1,0,0,0,-2,0,0,0,0,0,0,0,0,0,0,2,0,15:18,--
Zack Ostapchuk,20232024,OTT,L,C,7,0,0,0,-1,0,0,0,0,0,0,0,0,0,0,5,0,10:30,26.8
Vincent Iorio,20232024,WSH,R,D,6,0,0,0,1,0,0,0,0,0,0,0,0,0,0,6,0,9:50,--
Logan Morrison,20232024,SEA,R,C,4,0,0,0,-1,0,0,0,0,0,0,0,0,0,0,6,0,13:08,45.2
Cameron Butler,20232024,CBJ,R,R,1,0,0,0,0,0,0,0,0,0,0,0,0,0,0,0,--,0:54,--
Arshdeep Bains,20232024,VAN,L,L,8,0,0,0,-5,6,0,0,0,0,0,0,0,0,0,4,0,11:48,0
Declan Carlile,20232024,TBL,L,D,1,0,0,0,1,0,0,0,0,0,0,0,0,0,0,0,--,11:27,--
Marc Johnstone,20232024,PIT,R,R,1,0,0,0,-1,0,0,0,0,0,0,0,0,0,0,0,--,7:19,100
Brandon Scanlin,20232024,NYR,L,D,1,0,0,0,0,0,0,0,0,0,0,0,0,0,0,0,--,10:46,--
Jiri Kulich,20232024,BUF,L,C,1,0,0,0,-1,0,0,0,0,0,0,0,0,0,0,1,0,14:53,0
Fraser Minten,20232024,TOR,L,C,4,0,0,0,0,2,0,0,0,0,0,0,0,0,0,3,0,11:26,48.7
Matthew Savoie,20232024,BUF,R,C,1,0,0,0,0,0,0,0,0,0,0,0,0,0,0,0,--,3:55,--
Brian Halonen,20232024,NJD,R,L,2,0,0,0,0,0,0,0,0,0,0,0,0,0,0,2,0,8:17,0
Marshall Rifai,20232024,TOR,L,D,2,0,0,0,1,0,0,0,0,0,0,0,0,0,0,1,0,11:40,--
Lucas Condotta,20232024,MTL,L,L,3,0,0,0,1,0,0,0,0,0,0,0,0,0,0,2,0,7:30,50
Georgii Merkulov,20232024,BOS,L,C,4,0,0,0,1,0,0,0,0,0,0,0,0,0,0,3,0,10:35,21.4
Filip Roos,20232024,CHI,L,D,4,0,0,0,-4,0,0,0,0,0,0,0,0,0,0,2,0,14:44,--
Pavol Regenda,20232024,ANA,L,L,5,0,0,0,-1,2,0,0,0,0,0,0,0,0,0,7,0,11:34,16.7
Maksymilian Szuber,20232024,ARI,L,D,1,0,0,0,-1,2,0,0,0,0,0,0,0,0,0,1,0,16:59,--
Pierrick Dube,20232024,WSH,R,R,3,0,0,0,1,2,0,0,0,0,0,0,0,0,0,3,0,9:20,0
Gavin Brindley,20232024,CBJ,R,C,1,0,0,0,0,0,0,0,0,0,0,0,0,0,0,0,--,12:20,--
Bradly Nadeau,20232024,CAR,R,L,1,0,0,0,-3,0,0,0,0,0,0,0,0,0,0,3,0,19:08,--
Akito Hirose,20232024,VAN,L,D,3,0,0,0,1,0,0,0,0,0,0,0,0,0,0,0,--,12:06,--
Ondrej Pavel,20232024,COL,L,C,2,0,0,0,-1,2,0,0,0,0,0,0,0,0,0,3,0,6:06,33.3
Cole McWard,20232024,VAN,R,D,1,0,0,0,0,0,0,0,0,0,0,0,0,0,0,1,0,9:05,--
Nikolas Matinpalo,20232024,OTT,R,D,4,0,0,0,1,0,0,0,0,0,0,0,0,0,0,2,0,7:00,--
Patrik Koch,20232024,ARI,L,D,1,0,0,0,0,10,0,0,0,0,0,0,0,0,0,1,0,9:20,--
